,count,Date_of_Band,Location,Territory,Band_Prefix,Band_Suffix,Band_Leg,Age,Sex,Genetic_Blood_Sample,Parasite_Screen,DNA_SEX,Date_1_Mass,Weight_1_g.,LWC..mm.,LLP.5..mm.,LLP.6..mm.,RECT..mm.,Date..2.Mass,Weight..2..g.,LWC..mm..1,LLP.5..mm..1,LLP.6..mm..1,RECT..mm..1,Date..3.Mass,Weight..3..g.,LWC..mm..2,LLP.5..mm..2,LLP.6..mm..2,RECT..mm..2,Date..4.Mass,Weight..4..g.,LWC..mm..3,LLP.5..mm..3,LLP.6..mm..3,RECT..mm..3,Date..5.Mass,Weight..5..g.,LWC..mm..4,LLP.5..mm..4,LLP.6..mm..4,RECT..mm..4,Date..6.Mass,Weight..6..g.,LWC..mm..5,LLP.5..mm..5,LLP.6..mm..5,RECT..mm..5,Date..7.Mass,Weight..7..g.,LWC..mm..6,LLP.5..mm..6,LLP.6..mm..6,RECT..mm..6,Date..8.Mass,Weight..8..g.,LWC..mm..7,LLP.5..mm..7,LLP.6..mm..7,RECT..mm..7,Date..9.Mass,Weight..9..g.,LWC..mm..8,LLP.5..mm..8,LLP.6..mm..8,RECT..mm..8,Date..10.Mass,Weight..10..g.,LWC..mm..9,LLP.5..mm..9,LLP.6..mm..9,RECT..mm..9,Date..11.Mass,Weight..11..g.,LWC..mm..10,LLP.5..mm..10,LLP.6..mm..10,RECT..mm..10,misc,Comments,Date..11.Mass.1,Weight..2..g..1,LWC..mm..11,LLP.5..mm..11,LLP.6..mm..11,RECT..mm..11,Date..12.Mass,Weight..2..g..2,LWC..mm..12,LLP.5..mm..12,LLP.6..mm..12,RECT..mm..12
411,411,7/7/2005,Hayman Fire,CN7,1593,64417,,Ad,M,Blood sample,,?,7/7/2005,48,135,101,,60,6/26/2007,52,NA,,,,7/16/2007,47.5,130,95,104,60,7/16/2007,47.5,130,95,104,60,6/4/2009,49.5.,132,93,105,58,,NA,NA,NA,NA,NA,,NA,NA,NA,NA,NA,,NA,NA,NA,NA,NA,,NA,NA,NA,NA,NA,,NA,NA,NA,NA,NA,,NA,NA,NA,NA,NA,,,,NA,,,NA,NA,,NA,NA,NA,NA,NA
423,423,7/1/2005,MEF,B4,1593,64429,,L,?,Blood sample,,F,,32,,,,,,,NA,,,,,,,,,,,NA,,,,,,,,,,,,NA,NA,NA,NA,NA,,NA,NA,NA,NA,NA,,NA,NA,NA,NA,NA,,NA,NA,NA,NA,NA,,NA,NA,NA,NA,NA,,NA,NA,NA,NA,NA,,,,NA,,,NA,NA,,NA,NA,NA,NA,NA
424,424,7/6/2005,MEF,B6,1593,64430,,Ad,F,,,,NA,,,,,,,,NA,,,,,,,,,,,NA,,,,,,,,,,,,NA,NA,NA,NA,NA,,NA,NA,NA,NA,NA,,NA,NA,NA,NA,NA,,NA,NA,NA,NA,NA,,NA,NA,NA,NA,NA,,NA,NA,NA,NA,NA,,,,NA,,,NA,NA,,NA,NA,NA,NA,NA
425,425,7/7/2005,MEF,B6,1593,64431,,Ad,M,Blood sample,,M,7/7/2005,58,,,,,6/13/2007,60,128,94,,56,6/22/2010,57,133,96,104,65,6/1/2011,54,131,98,106,66,6/20/2012,63,130,96,104,62,6/7/2013,60,131,97,103,62,6/25/2014,59,129,99,106,66,,NA,NA,NA,NA,NA,,NA,NA,NA,NA,NA,,NA,NA,NA,NA,NA,,NA,NA,NA,NA,NA,,,,NA,,,NA,NA,,NA,NA,NA,NA,NA
434,434,6/28/2005,Hayman Fire,CN2,1593,64440,,Ad,F,,,,6/28/2005,78.5,138,95,,57,,,NA,,,,,,,,,,,NA,,,,,,,,,,,,NA,NA,NA,NA,NA,,NA,NA,NA,NA,NA,,NA,NA,NA,NA,NA,,NA,NA,NA,NA,NA,,NA,NA,NA,NA,NA,,NA,NA,NA,NA,NA,,,,NA,,,NA,NA,,NA,NA,NA,NA,NA
435,435,6/28/2005,Hayman Fire,CN2,1593,64441,,Ad,M,Blood sample,,?,6/28/2005,53.5,132,92,,55,,,NA,,,,,,,,,,,NA,,,,,,,,,,,,NA,NA,NA,NA,NA,,NA,NA,NA,NA,NA,,NA,NA,NA,NA,NA,,NA,NA,NA,NA,NA,,NA,NA,NA,NA,NA,,NA,NA,NA,NA,NA,,,,NA,,,NA,NA,,NA,NA,NA,NA,NA
437,437,7/5/2005,MEF,A8,1593,64443,,L,?,Blood sample,,M,,42.5,,,,,,,NA,,,,,,,,,,,NA,,,,,,,,,,,,NA,NA,NA,NA,NA,,NA,NA,NA,NA,NA,,NA,NA,NA,NA,NA,,NA,NA,NA,NA,NA,,NA,NA,NA,NA,NA,,NA,NA,NA,NA,NA,,,,NA,,,NA,NA,,NA,NA,NA,NA,NA
438,438,7/5/2005,MEF,A8,1593,64444,,L,?,Blood sample,,F,,54.5,,,,,,,NA,,,,,,,,,,,NA,,,,,,,,,,,,NA,NA,NA,NA,NA,,NA,NA,NA,NA,NA,,NA,NA,NA,NA,NA,,NA,NA,NA,NA,NA,,NA,NA,NA,NA,NA,,NA,NA,NA,NA,NA,,,,NA,,,NA,NA,,NA,NA,NA,NA,NA
439,439,6/17/2005,MEF,A18,1593,64445,,Ad,F,Blood sample,,?,6/17/2005,74.5,,,,,6/28/2005,55,NA,,,,6/14/2006,67,133,,105?,60,,NA,,,,,,,,,,,,NA,NA,NA,NA,NA,,NA,NA,NA,NA,NA,,NA,NA,NA,NA,NA,,NA,NA,NA,NA,NA,,NA,NA,NA,NA,NA,,NA,NA,NA,NA,NA,,,,NA,,,NA,NA,,NA,NA,NA,NA,NA
440,440,6/20/2005,MEF,A27,1593,64446,,Ad,F,Blood sample,,?,6/20/2005,64,,,,,6/27/2005,57,NA,,,,5/10/2007,58.5,127,97,,63,,NA,,,,,,,,,,,,NA,NA,NA,NA,NA,,NA,NA,NA,NA,NA,,NA,NA,NA,NA,NA,,NA,NA,NA,NA,NA,,NA,NA,NA,NA,NA,,NA,NA,NA,NA,NA,,,,NA,,,NA,NA,,NA,NA,NA,NA,NA
446,446,7/5/2005,MEF,A10,1593,64452,,L,?,Blood sample,,F? I first showed M,,44,,,,,,,NA,,,,,,,,,,,NA,,,,,,,,,,,,NA,NA,NA,NA,NA,,NA,NA,NA,NA,NA,,NA,NA,NA,NA,NA,,NA,NA,NA,NA,NA,,NA,NA,NA,NA,NA,,NA,NA,NA,NA,NA,,,,NA,,,NA,NA,,NA,NA,NA,NA,NA
447,447,7/5/2005,MEF,A10,1593,64453,,L,?,Blood sample,,F,,49,,,,,,,NA,,,,,,,,,,,NA,,,,,,,,,,,,NA,NA,NA,NA,NA,,NA,NA,NA,NA,NA,,NA,NA,NA,NA,NA,,NA,NA,NA,NA,NA,,NA,NA,NA,NA,NA,,NA,NA,NA,NA,NA,,,,NA,,,NA,NA,,NA,NA,NA,NA,NA
448,448,7/6/2005,MEF,A27,1593,64454,,L,?,Blood sample,,F,,57.5,,,,,,,NA,,,,,,,,,,,NA,,,,,,,,,,,,NA,NA,NA,NA,NA,,NA,NA,NA,NA,NA,,NA,NA,NA,NA,NA,,NA,NA,NA,NA,NA,,NA,NA,NA,NA,NA,,NA,NA,NA,NA,NA,,,,NA,,,NA,NA,,NA,NA,NA,NA,NA
449,449,7/6/2005,MEF,A27,1593,64455,,L,?,Blood sample,,M,,42,,,,,,,NA,,,,,,,,,,,NA,,,,,,,,,,,,NA,NA,NA,NA,NA,,NA,NA,NA,NA,NA,,NA,NA,NA,NA,NA,,NA,NA,NA,NA,NA,,NA,NA,NA,NA,NA,,NA,NA,NA,NA,NA,,,,NA,,,NA,NA,,NA,NA,NA,NA,NA
452,452,7/7/2005,Hayman Fire,CS1_2,1593,64458,,L,?,Blood sample,,M,,60.5,,,,,,,NA,,,,,,,,,,,NA,,,,,,,,,,,,NA,NA,NA,NA,NA,,NA,NA,NA,NA,NA,,NA,NA,NA,NA,NA,,NA,NA,NA,NA,NA,,NA,NA,NA,NA,NA,,NA,NA,NA,NA,NA,,,,NA,,,NA,NA,,NA,NA,NA,NA,NA
455,455,6/27/2005,MEF,B11,1593,64461,,Ad,M,Blood sample,,?,6/27/2005,51.5,123,102,,,,,NA,,,,,,,,,,,NA,,,,,,,,,,,,NA,NA,NA,NA,NA,,NA,NA,NA,NA,NA,,NA,NA,NA,NA,NA,,NA,NA,NA,NA,NA,,NA,NA,NA,NA,NA,,NA,NA,NA,NA,NA,,,,NA,,,NA,NA,,NA,NA,NA,NA,NA
459,459,7/6/2005,MEF,A13,1593,64465,,L,?,Blood sample,,M,,55,,,,,,,NA,,,,,,,,,,,NA,,,,,,,,,,,,NA,NA,NA,NA,NA,,NA,NA,NA,NA,NA,,NA,NA,NA,NA,NA,,NA,NA,NA,NA,NA,,NA,NA,NA,NA,NA,,NA,NA,NA,NA,NA,,,,NA,,,NA,NA,,NA,NA,NA,NA,NA
463,463,7/11/2005,MEF,B10,1593,64469,,L,?,Blood sample,,M,,59.5,,,,,,,NA,,,,,,,,,,,NA,,,,,,,,,,,,NA,NA,NA,NA,NA,,NA,NA,NA,NA,NA,,NA,NA,NA,NA,NA,,NA,NA,NA,NA,NA,,NA,NA,NA,NA,NA,,NA,NA,NA,NA,NA,,,,NA,,,NA,NA,,NA,NA,NA,NA,NA
464,464,7/11/2005,MEF,B10,1593,64470,,L,?,Blood sample,,M,,59.5,,,,,,,NA,,,,,,,,,,,NA,,,,,,,,,,,,NA,NA,NA,NA,NA,,NA,NA,NA,NA,NA,,NA,NA,NA,NA,NA,,NA,NA,NA,NA,NA,,NA,NA,NA,NA,NA,,NA,NA,NA,NA,NA,,,,NA,,,NA,NA,,NA,NA,NA,NA,NA
466,466,7/12/2005,MEF,A2,1593,64472,,L,?,Blood sample,,F,,49.5,,,,,,,NA,,,,,,,,,,,NA,,,,,,,,,,,,NA,NA,NA,NA,NA,,NA,NA,NA,NA,NA,,NA,NA,NA,NA,NA,,NA,NA,NA,NA,NA,,NA,NA,NA,NA,NA,,NA,NA,NA,NA,NA,,,,NA,,,NA,NA,,NA,NA,NA,NA,NA
467,467,7/12/2005,MEF,B14,1593,64473,,L,?,Blood sample,,F,,62,,,,,,,NA,,,,,,,,,,,NA,,,,,,,,,,,,NA,NA,NA,NA,NA,,NA,NA,NA,NA,NA,,NA,NA,NA,NA,NA,,NA,NA,NA,NA,NA,,NA,NA,NA,NA,NA,,NA,NA,NA,NA,NA,,,,NA,,,NA,NA,,NA,NA,NA,NA,NA
468,468,7/12/2005,MEF,B14,1593,64474,,L,?,Blood sample,,F,,63.5,,,,,,,NA,,,,,,,,,,,NA,,,,,,,,,,,,NA,NA,NA,NA,NA,,NA,NA,NA,NA,NA,,NA,NA,NA,NA,NA,,NA,NA,NA,NA,NA,,NA,NA,NA,NA,NA,,NA,NA,NA,NA,NA,,,,NA,,,NA,NA,,NA,NA,NA,NA,NA
469,469,7/14/2005,Hayman Fire,CN8,1593,64475,,Ad,F,Blood sample,,?,7/14/2005,50,131,92,,60,,,NA,,,,,,,,,,,NA,,,,,,,,,,,,NA,NA,NA,NA,NA,,NA,NA,NA,NA,NA,,NA,NA,NA,NA,NA,,NA,NA,NA,NA,NA,,NA,NA,NA,NA,NA,,NA,NA,NA,NA,NA,,,,NA,,,NA,NA,,NA,NA,NA,NA,NA
470,470,7/14/2005,Hayman Fire,CN8,1593,64476,,L,?,Blood sample,,M,,51.5,,,,,,,NA,,,,,,,,,,,NA,,,,,,,,,,,,NA,NA,NA,NA,NA,,NA,NA,NA,NA,NA,,NA,NA,NA,NA,NA,,NA,NA,NA,NA,NA,,NA,NA,NA,NA,NA,,NA,NA,NA,NA,NA,,,,NA,,,NA,NA,,NA,NA,NA,NA,NA
482,482,6/19/2006,MEF,B10,1593,64490,R,Ad,M,Blood sample; 7-2-13,7/2/2013,M,6/19/2006,59,127,104,,,6/15/2010,55.5,130,96,106,60,7/11/2011,55,,93,105,60,6/15/2012,54,131,98,107,61,7/2/2013,54.5,131,97,107,61,,NA,NA,NA,NA,NA,,NA,NA,NA,NA,NA,,NA,NA,NA,NA,NA,,NA,NA,NA,NA,NA,,NA,NA,NA,NA,NA,,NA,NA,NA,NA,NA,,Helper Male ??,,NA,,,NA,NA,,NA,NA,NA,NA,NA
486,486,6/30/2006,MEF,A11,1593,64494,,L,?,Blood sample,,M,,35,,,,,,,NA,,,,,,,,,,,NA,,,,,,,,,,,,NA,NA,NA,NA,NA,,NA,NA,NA,NA,NA,,NA,NA,NA,NA,NA,,NA,NA,NA,NA,NA,,NA,NA,NA,NA,NA,,NA,NA,NA,NA,NA,,,,NA,,,NA,NA,,NA,NA,NA,NA,NA
489,489,6/30/2006,MEF,B4,1593,64497,,L,?,Blood sample,,F,,42.5,,,,,,,NA,,,,,,,,,,,NA,,,,,,,,,,,,NA,NA,NA,NA,NA,,NA,NA,NA,NA,NA,,NA,NA,NA,NA,NA,,NA,NA,NA,NA,NA,,NA,NA,NA,NA,NA,,NA,NA,NA,NA,NA,,,,NA,,,NA,NA,,NA,NA,NA,NA,NA
498,498,6/30/2006,Hayman Fire,CN2,1593,64506,,Ad,M,Blood sample; 7/6/15,,M,6/30/2006,48.5,133,94,,59,7/11/2006,46,131,99,,63,,,,,,,,NA,,,,,,,,,,,,NA,NA,NA,NA,NA,,NA,NA,NA,NA,NA,,NA,NA,NA,NA,NA,,NA,NA,NA,NA,NA,,NA,NA,NA,NA,NA,,NA,NA,NA,NA,NA,,,,NA,,,NA,NA,,NA,NA,NA,NA,NA
506,506,6/13/2006,MEF,B5,1593,64514,,Ad,M,Blood sample,6/20/2013,M,6/13/2006,60,132,104,,48,6/26/2006,54.5,NA,,,,6/2/2007,58,120?,92?,,52?,6/2/2007,58,120?,92?,,52?,6/26/2009,55.5,130,97,106,59,7/10/2011,62.5,128,96,104,56,6/20/2013,58.5,129,95,105,59,6/10/2014,53,131,99,108,60,6/15/2015,54,129,99,108,59,,NA,NA,NA,NA,NA,,NA,NA,NA,NA,NA,,,,NA,,,NA,NA,,NA,NA,NA,NA,NA
507,507,6/30/2006,Hayman Fire,CN7,1593,64515,,Ad,F,Blood sample,,F,6/30/2006,46.5,130,96,,55,7/11/2006,53,NA,,,,,,,,,,,NA,,,,,,,,,,,,NA,NA,NA,NA,NA,,NA,NA,NA,NA,NA,,NA,NA,NA,NA,NA,,NA,NA,NA,NA,NA,,NA,NA,NA,NA,NA,,NA,NA,NA,NA,NA,,,,NA,,,NA,NA,,NA,NA,NA,NA,NA
517,517,7/6/2006,Hayman Fire,CS4,1593,64525,,L,?,Blood sample,,F,,39.5,,,,,,,NA,,,,,,,,,,,NA,,,,,,,,,,,,NA,NA,NA,NA,NA,,NA,NA,NA,NA,NA,,NA,NA,NA,NA,NA,,NA,NA,NA,NA,NA,,NA,NA,NA,NA,NA,,NA,NA,NA,NA,NA,,,,NA,,,NA,NA,,NA,NA,NA,NA,NA
533,533,7/9/2007,MEF,A11,1593,64541,,L,?,Blood sample,,F,7/9/2007,60,,,,,,,NA,,,,,,,,,,,NA,,,,,,,,,,,,NA,NA,NA,NA,NA,,NA,NA,NA,NA,NA,,NA,NA,NA,NA,NA,,NA,NA,NA,NA,NA,,NA,NA,NA,NA,NA,,NA,NA,NA,NA,NA,,,,NA,,,NA,NA,,NA,NA,NA,NA,NA
538,538,7/19/2007,MEF,B7,1593,64546,,AD,F,Blood sample,,F,7/19/2007,52.5,130,95,105,58,,,NA,,,,,,,,,,,NA,,,,,,,,,,,,NA,NA,NA,NA,NA,,NA,NA,NA,NA,NA,,NA,NA,NA,NA,NA,,NA,NA,NA,NA,NA,,NA,NA,NA,NA,NA,,NA,NA,NA,NA,NA,,,,NA,,,NA,NA,,NA,NA,NA,NA,NA
557,557,7/16/2007,HAYMAN,CN7,1593,64565,,FL,?,Blood sample,,M,7/16/2007,51,,,,,,,NA,,,,,,,,,,,NA,,,,,,,,,,,,NA,NA,NA,NA,NA,,NA,NA,NA,NA,NA,,NA,NA,NA,NA,NA,,NA,NA,NA,NA,NA,,NA,NA,NA,NA,NA,,NA,NA,NA,NA,NA,,,,NA,,,NA,NA,,NA,NA,NA,NA,NA
560,560,7/11/2007,MEF,B6,1593,64568,,L,?,Blood sample,,M,7/11/2007,51,,,,,,,NA,,,,,,,,,,,NA,,,,,,,,,,,,NA,NA,NA,NA,NA,,NA,NA,NA,NA,NA,,NA,NA,NA,NA,NA,,NA,NA,NA,NA,NA,,NA,NA,NA,NA,NA,,NA,NA,NA,NA,NA,,,,NA,,,NA,NA,,NA,NA,NA,NA,NA
561,561,7/12/2007,MEF,A4,1593,64569,,L,?,Blood sample,,M,7/12/2007,43,,,,,,,NA,,,,,,,,,,,NA,,,,,,,,,,,,NA,NA,NA,NA,NA,,NA,NA,NA,NA,NA,,NA,NA,NA,NA,NA,,NA,NA,NA,NA,NA,,NA,NA,NA,NA,NA,,NA,NA,NA,NA,NA,,,,NA,,,NA,NA,,NA,NA,NA,NA,NA
562,562,7/12/2007,MEF,A4,1593,64570,,L,?,Blood sample,,M,7/12/2007,51,,,,,,,NA,,,,,,,,,,,NA,,,,,,,,,,,,NA,NA,NA,NA,NA,,NA,NA,NA,NA,NA,,NA,NA,NA,NA,NA,,NA,NA,NA,NA,NA,,NA,NA,NA,NA,NA,,NA,NA,NA,NA,NA,,Died in nest,,NA,,,NA,NA,,NA,NA,NA,NA,NA
572,572,6/11/2007,MEF,A29,1593,64580,,AD,F,Blood sample,,?,6/11/2007,74,,,,,7/9/2007,58.5,124,90,94,61,,,,,,,,NA,,,,,,,,,,,,NA,NA,NA,NA,NA,,NA,NA,NA,NA,NA,,NA,NA,NA,NA,NA,,NA,NA,NA,NA,NA,,NA,NA,NA,NA,NA,,NA,NA,NA,NA,NA,,,,NA,,,NA,NA,,NA,NA,NA,NA,NA
579,579,6/14/2007,MEF,A29,1593,64587,,AD,M,Blood sample,,M,6/14/2007,55.5,123,93,102,59,7/2/2007,55,NA,,,,,,,,,,,NA,,,,,,,,,,,,NA,NA,NA,NA,NA,,NA,NA,NA,NA,NA,,NA,NA,NA,NA,NA,,NA,NA,NA,NA,NA,,NA,NA,NA,NA,NA,,NA,NA,NA,NA,NA,,,,NA,,,NA,NA,,NA,NA,NA,NA,NA
737,737,6/16/2010,MEF,A29,1593,64747,R,AD,F,"7-10-13, 7/5/16",7/10/2013,F,7/13/2010,60,,,,,6/8/2011,72,NA,,,,7/6/2011,61.5,126,98,106,58,6/5/2012,79.5,,,,,6/5/2013,75,,,,,7/10/2013,58.5,129,98,106,60,6/4/2014,NA,NA,NA,NA,NA,9/17/2014,69.5,129,99,105,64,6/25/2015,67,NA,NA,NA,NA,6/15/2016,75,NA,NA,NA,NA,7/5/2016,60.4,129,99,107,64,,,6/21/2017,78,,,NA,NA,,NA,NA,NA,NA,NA
895,895,6/29/2012,MEF,B19,1783,64313,,L,?,9/3/2014,9/3/2014,,6/29/2012,62,,66,65,25,9/3/2014,63.5,134,98,108,63,,,,,,,,NA,,,,,,,,,,,,NA,NA,NA,NA,NA,,NA,NA,NA,NA,NA,,NA,NA,NA,NA,NA,,NA,NA,NA,NA,NA,,NA,NA,NA,NA,NA,,NA,NA,NA,NA,NA,,,,NA,,,NA,NA,,NA,NA,NA,NA,NA
976,976,5/27/2014,MEF,A29,1783,64397,R,Ad,M,"5/27/2014, 7/3/2018",NO,,5/27/2014,54.5,129,97,105,61,6/11/2014,54.5,131,96,103,61,7/2/2014,,,,,,7/4/2014,51.5,133,98,106,61,7/7/2014,51,,,,,9/16/2014,68.5,120,97,102,58,6/25/2015,55,128,98,108,62,6/24/2016,54,131,98,106,64,7/3/2018,54,132,100,110,64,,NA,NA,NA,NA,NA,,NA,NA,NA,NA,NA,,,,NA,,,NA,NA,,NA,NA,NA,NA,NA
996,996,7/12/2013,MEF,A8,1783,64417,R,L,?,7/12/2013,7/12/2013,M,7/12/2013,50.7,,42,40,15,9/3/2013,55.5,122,98,107,60,,,,,,,,NA,,,,,,,,,,,,NA,NA,NA,NA,NA,,NA,NA,NA,NA,NA,,NA,NA,NA,NA,NA,,NA,NA,NA,NA,NA,,NA,NA,NA,NA,NA,,NA,NA,NA,NA,NA,,,,NA,,,NA,NA,,NA,NA,NA,NA,NA
1008,1008,9/21/2013,MEF,A11,1783,64429,R,Ad,F,7/10/2015,NO,F,9/21/2013,68.5,130,89,102,57,6/25/2014,,NA,,,,6/16/2015,,,,,,7/10/2015,57,130,92,106,58,,,,,,,,NA,NA,NA,NA,NA,,NA,NA,NA,NA,NA,,NA,NA,NA,NA,NA,,NA,NA,NA,NA,NA,,NA,NA,NA,NA,NA,,NA,NA,NA,NA,NA,,,,NA,,,NA,NA,,NA,NA,NA,NA,NA
1009,1009,9/3/2013,MEF,A11,1783,64430,R,FL,U,NO,NO,,9/3/2013,56,122,92,100,62,9/19/2013,57,122,90,100,52,,,,,,,,NA,,,,,,,,,,,,NA,NA,NA,NA,NA,,NA,NA,NA,NA,NA,,NA,NA,NA,NA,NA,,NA,NA,NA,NA,NA,,NA,NA,NA,NA,NA,,NA,NA,NA,NA,NA,,,,NA,,,NA,NA,,NA,NA,NA,NA,NA
1010,1010,9/22/2013,MEF,A27,1783,64431,R,U,U,NO,NO,M,9/22/2013,63,120,90,100,55,,,NA,,,,,,,,,,,NA,,,,,,,,,,,,NA,NA,NA,NA,NA,,NA,NA,NA,NA,NA,,NA,NA,NA,NA,NA,,NA,NA,NA,NA,NA,,NA,NA,NA,NA,NA,,NA,NA,NA,NA,NA,,,,NA,,,NA,NA,,NA,NA,NA,NA,NA
1019,1019,9/19/2013,MEF,A11,1783,64440,L,U,U,NO,NO,,9/19/2013,62,134,95,105,60,,,NA,,,,,,,,,,,NA,,,,,,,,,,,,NA,NA,NA,NA,NA,,NA,NA,NA,NA,NA,,NA,NA,NA,NA,NA,,NA,NA,NA,NA,NA,,NA,NA,NA,NA,NA,,NA,NA,NA,NA,NA,,,,NA,,,NA,NA,,NA,NA,NA,NA,NA
1020,1020,9/19/2013,MEF,A27,1783,64441,L,U,U,NO,NO,,9/19/2013,63,131,94,101,60,,,NA,,,,,,,,,,,NA,,,,,,,,,,,,NA,NA,NA,NA,NA,,NA,NA,NA,NA,NA,,NA,NA,NA,NA,NA,,NA,NA,NA,NA,NA,,NA,NA,NA,NA,NA,,NA,NA,NA,NA,NA,,,,NA,,,NA,NA,,NA,NA,NA,NA,NA
1022,1022,9/3/2013,MEF,A27,1783,64443,L,AD,U,NO,NO,,9/3/2013,57,131,92,103,62,,,NA,,,,,,,,,,,NA,,,,,,,,,,,,NA,NA,NA,NA,NA,,NA,NA,NA,NA,NA,,NA,NA,NA,NA,NA,,NA,NA,NA,NA,NA,,NA,NA,NA,NA,NA,,NA,NA,NA,NA,NA,,,,NA,,,NA,NA,,NA,NA,NA,NA,NA
1023,1023,9/21/2013,MEF,A27,1783,64444,R,U,U,NO,NO,,9/21/2013,58.5,126,94,102,60,,,NA,,,,,,,,,,,NA,,,,,,,,,,,,NA,NA,NA,NA,NA,,NA,NA,NA,NA,NA,,NA,NA,NA,NA,NA,,NA,NA,NA,NA,NA,,NA,NA,NA,NA,NA,,NA,NA,NA,NA,NA,,,,NA,,,NA,NA,,NA,NA,NA,NA,NA
1024,1024,9/21/2013,MEF,A27,1783,64445,L,U,U,NO,NO,,9/21/2013,68,125,97,105,63,,,NA,,,,,,,,,,,NA,,,,,,,,,,,,NA,NA,NA,NA,NA,,NA,NA,NA,NA,NA,,NA,NA,NA,NA,NA,,NA,NA,NA,NA,NA,,NA,NA,NA,NA,NA,,NA,NA,NA,NA,NA,,,,NA,,,NA,NA,,NA,NA,NA,NA,NA
1025,1025,9/26/2013,MEF,A27,1783,64446,L,U,U,NO,NO,,9/26/2013,67,132,98,106,63,,,NA,,,,,,,,,,,NA,,,,,,,,,,,,NA,NA,NA,NA,NA,,NA,NA,NA,NA,NA,,NA,NA,NA,NA,NA,,NA,NA,NA,NA,NA,,NA,NA,NA,NA,NA,,NA,NA,NA,NA,NA,,,,NA,,,NA,NA,,NA,NA,NA,NA,NA
1031,1031,9/21/2013,MEF,A11,1783,64452,R,Ad,F,7/15/2015,NO,F,9/21/2013,69.5,129,96,105,60,6/25/2014,,NA,,,,7/1/2015,65,,,,,7/15/2015,57,130,100,108,63,,,,,,,,NA,NA,NA,NA,NA,,NA,NA,NA,NA,NA,,NA,NA,NA,NA,NA,,NA,NA,NA,NA,NA,,NA,NA,NA,NA,NA,,NA,NA,NA,NA,NA,,,,NA,,,NA,NA,,NA,NA,NA,NA,NA
1032,1032,9/21/2013,MEF,A27,1783,64453,L,U,U,NO,NO,,9/21/2013,58,133,100,110,65,,,NA,,,,,,,,,,,NA,,,,,,,,,,,,NA,NA,NA,NA,NA,,NA,NA,NA,NA,NA,,NA,NA,NA,NA,NA,,NA,NA,NA,NA,NA,,NA,NA,NA,NA,NA,,NA,NA,NA,NA,NA,,,,NA,,,NA,NA,,NA,NA,NA,NA,NA
1033,1033,9/21/2013,MEF,A27,1783,64454,L,Ad,U,9/24/2015,NO,,9/21/2013,68,135,95,99,62,9/24/2015,62.9,134,99,107,61,,,,,,,,NA,,,,,,,,,,,,NA,NA,NA,NA,NA,,NA,NA,NA,NA,NA,,NA,NA,NA,NA,NA,,NA,NA,NA,NA,NA,,NA,NA,NA,NA,NA,,NA,NA,NA,NA,NA,,,,NA,,,NA,NA,,NA,NA,NA,NA,NA
1034,1034,9/3/2013,MEF,A27,1783,64455,R,AD,U,NO,NO,,9/3/2013,68.5,130,95,104,59,,,NA,,,,,,,,,,,NA,,,,,,,,,,,,NA,NA,NA,NA,NA,,NA,NA,NA,NA,NA,,NA,NA,NA,NA,NA,,NA,NA,NA,NA,NA,,NA,NA,NA,NA,NA,,NA,NA,NA,NA,NA,,,,NA,,,NA,NA,,NA,NA,NA,NA,NA
1037,1037,9/19/2013,MEF,A11,1783,64458,R,U,U,NO,NO,,9/19/2013,63.5,129,95,105,59,,,NA,,,,,,,,,,,NA,,,,,,,,,,,,NA,NA,NA,NA,NA,,NA,NA,NA,NA,NA,,NA,NA,NA,NA,NA,,NA,NA,NA,NA,NA,,NA,NA,NA,NA,NA,,NA,NA,NA,NA,NA,,,,NA,,,NA,NA,,NA,NA,NA,NA,NA
1040,1040,7/16/2013,HAYMAN,CN11,1783,64461,L,FL,?,7/16/2013,7/16/2013,,7/16/2013,58.5,,70,70,37,9/19/2013,57.5,131,90,103,61,,,,,,,,NA,,,,,,,,,,,,NA,NA,NA,NA,NA,,NA,NA,NA,NA,NA,,NA,NA,NA,NA,NA,,NA,NA,NA,NA,NA,,NA,NA,NA,NA,NA,,NA,NA,NA,NA,NA,,,,NA,,,NA,NA,,NA,NA,NA,NA,NA
1044,1044,6/18/2014,MEF,A15,1783,64465,L,Ad,F,"7/23/2014, 7/12/17",7/23/2014,,7/23/2014,51,128,99,106,57,8/20/2014,60,128,26,106,61,5/26/2015,69,,,,,6/18/2015,NA,,,,,7/27/2015,56.5,123,100,106,58,6/22/2017,NA,NA,NA,NA,NA,7/12/2017,59.5,NA,NA,NA,NA,7/11/2018,57,129,94,101,60,,NA,NA,NA,NA,NA,,NA,NA,NA,NA,NA,,NA,NA,NA,NA,NA,,,,NA,,,NA,NA,,NA,NA,NA,NA,NA
1048,1048,9/3/2013,MEF,A27,1783,64469,,AD,U,9/3/2013,NO,F,9/3/2013,57.5,129,95,103,62,,,NA,,,,,,,,,,,NA,,,,,,,,,,,,NA,NA,NA,NA,NA,,NA,NA,NA,NA,NA,,NA,NA,NA,NA,NA,,NA,NA,NA,NA,NA,,NA,NA,NA,NA,NA,,NA,NA,NA,NA,NA,,,,NA,,,NA,NA,,NA,NA,NA,NA,NA
1049,1049,9/3/2013,MEF,A27,1783,64470,,AD,U,9/3/2013,NO,F,9/3/2013,64,135,98,108,65,,,NA,,,,,,,,,,,NA,,,,,,,,,,,,NA,NA,NA,NA,NA,,NA,NA,NA,NA,NA,,NA,NA,NA,NA,NA,,NA,NA,NA,NA,NA,,NA,NA,NA,NA,NA,,NA,NA,NA,NA,NA,,,,NA,,,NA,NA,,NA,NA,NA,NA,NA
1051,1051,8/20/2014,MEF,A11,1783,64472,L,Ad,?,8/20/2014,8/20/2014,,8/20/2014,61,126,97,106,58,,,NA,,,,,,,,,,,NA,,,,,,,,,,,,NA,NA,NA,NA,NA,,NA,NA,NA,NA,NA,,NA,NA,NA,NA,NA,,NA,NA,NA,NA,NA,,NA,NA,NA,NA,NA,,NA,NA,NA,NA,NA,,,,NA,,,NA,NA,,NA,NA,NA,NA,NA
1052,1052,8/21/2014,MEF,A29,1783,64473,R,HY,?,8/21/2014,8/21/2014,,8/21/2014,56,130,96,103,60,,,NA,,,,,,,,,,,NA,,,,,,,,,,,,NA,NA,NA,NA,NA,,NA,NA,NA,NA,NA,,NA,NA,NA,NA,NA,,NA,NA,NA,NA,NA,,NA,NA,NA,NA,NA,,NA,NA,NA,NA,NA,,,,NA,,,NA,NA,,NA,NA,NA,NA,NA
1053,1053,8/22/2014,MEF,A27,1783,64474,L,?,?,8/22/2014,8/22/2014,,8/22/2014,57,133,99,108,61,,,NA,,,,,,,,,,,NA,,,,,,,,,,,,NA,NA,NA,NA,NA,,NA,NA,NA,NA,NA,,NA,NA,NA,NA,NA,,NA,NA,NA,NA,NA,,NA,NA,NA,NA,NA,,NA,NA,NA,NA,NA,,,,NA,,,NA,NA,,NA,NA,NA,NA,NA
1054,1054,8/26/2014,MEF,A11,1783,64475,L,?,?,8/26/2014,8/26/2014,,8/26/2014,56.5,127,95,103,59,9/16/2014,59,127,95,103,60,,,,,,,,NA,,,,,,,,,,,,NA,NA,NA,NA,NA,,NA,NA,NA,NA,NA,,NA,NA,NA,NA,NA,,NA,NA,NA,NA,NA,,NA,NA,NA,NA,NA,,NA,NA,NA,NA,NA,,,,NA,,,NA,NA,,NA,NA,NA,NA,NA
1055,1055,8/28/2014,MEF,A11,1783,64476,L,?,?,8/28/2014,8/28/2014,,8/28/2014,58,129,96,106,65,,,NA,,,,,,,,,,,NA,,,,,,,,,,,,NA,NA,NA,NA,NA,,NA,NA,NA,NA,NA,,NA,NA,NA,NA,NA,,NA,NA,NA,NA,NA,,NA,NA,NA,NA,NA,,NA,NA,NA,NA,NA,,,,NA,,,NA,NA,,NA,NA,NA,NA,NA
1069,1069,7/11/2014,MEF,A20,1783,64490,R,L,?,7/11/2014,7/11/2014,,7/11/2014,63.4,,59,58,17,8/31/2015,64.5,128,97,107,62,7/8/2016,60,135,97,107,62,6/28/2017,64,134,,,,7/17/2017,55.5,135,,,,6/19/2018,62,134,100,109,63,,NA,NA,NA,NA,NA,,NA,NA,NA,NA,NA,,NA,NA,NA,NA,NA,,NA,NA,NA,NA,NA,,NA,NA,NA,NA,NA,,,,NA,,,NA,NA,,NA,NA,NA,NA,NA
1073,1073,7/16/2014,MEF,A8,1783,64494,R,L,?,7/16/2014,7/16/2014,,7/16/2014,52.9,,62,62,29,8/29/2014,53.5,129,95,105,65,,,,,,,,NA,,,,,,,,,,,,NA,NA,NA,NA,NA,,NA,NA,NA,NA,NA,,NA,NA,NA,NA,NA,,NA,NA,NA,NA,NA,,NA,NA,NA,NA,NA,,NA,NA,NA,NA,NA,,,,NA,,,NA,NA,,NA,NA,NA,NA,NA
1076,1076,6/19/2014,MEF,A43,1783,64497,L,Ad,M,6/19/2014,NO,,6/19/2014,54,128,96,106,60,6/18/2015,52.5,129,96,104,61,7/14/2016,47.5,129,96,107,62,7/26/2016,57.5,,,,,7/5/2017,51.5,132,96,105,58,,NA,NA,NA,NA,NA,,NA,NA,NA,NA,NA,,NA,NA,NA,NA,NA,,NA,NA,NA,NA,NA,,NA,NA,NA,NA,NA,,NA,NA,NA,NA,NA,,PinPoint GPS #40947 attached,,NA,,,NA,NA,,NA,NA,NA,NA,NA
1085,1085,7/2/2014,MEF,A2,1783,64506,L,Ad,F,9/18/2014,9/18/2014,M??,9/18/2014,62.5,130,96,106,63,6/18/2015,61,NA,,,,7/6/2015,,,,,,6/11/2017,NA,,,,,7/6/2017,59,130,98,107,60,7/12/2017,55.9,NA,NA,NA,NA,7/13/2017,63.6,NA,NA,NA,NA,,NA,NA,NA,NA,NA,,NA,NA,NA,NA,NA,,NA,NA,NA,NA,NA,,NA,NA,NA,NA,NA,,,,NA,,,NA,NA,,NA,NA,NA,NA,NA
1093,1093,6/16/2014,MEF,A18,1783,64514,R,Ad,M,7/9/2014,7/9/2014,,6/16/2014,58.5,135,101,110,60,7/9/2014,53.5,132,101,109,62,9/19/2014,71,131,101,109,63,6/18/2015,54,134,100,109,60,,,,,,,,NA,NA,NA,NA,NA,,NA,NA,NA,NA,NA,,NA,NA,NA,NA,NA,,NA,NA,NA,NA,NA,,NA,NA,NA,NA,NA,,NA,NA,NA,NA,NA,,,,NA,,,NA,NA,,NA,NA,NA,NA,NA
1094,1094,6/18/2014,MEF,A8,1783,64515,L,Ad,F,7/7/2014,7/7/2014,,7/7/2014,56,120,96,105,56,9/13/2014,66.5,132,98,105,66,6/27/2015,68,,,,,,NA,,,,,,,,,,,,NA,NA,NA,NA,NA,,NA,NA,NA,NA,NA,,NA,NA,NA,NA,NA,,NA,NA,NA,NA,NA,,NA,NA,NA,NA,NA,,NA,NA,NA,NA,NA,,,,NA,,,NA,NA,,NA,NA,NA,NA,NA
1104,1104,6/19/2014,MEF,A24,1783,64525,R,Ad,M,6/19/2014,NO,,6/19/2014,60,134,101,111,59,6/23/2014,57,136,100,111,60,6/18/2015,61.5,137,101,110,63,6/22/2016,60,135,102,112,64,7/5/2016,52,,,,,7/5/2017,59,134,101,111,60,6/8/2018,62,137,102,113,60,,NA,NA,NA,NA,NA,,NA,NA,NA,NA,NA,,NA,NA,NA,NA,NA,,NA,NA,NA,NA,NA,,,,NA,,,NA,NA,,NA,NA,NA,NA,NA
1120,1120,6/11/2014,MEF,A13,1783,64541,L,Ad,M,6/11/2014,NO,,6/11/2014,50,126,96,103,57,7/4/2014,57.5,124,92,103,60,8/23/2014,58,123,95,94,46,6/24/2015,56.5,134,95,107,61,6/11/2017,55,,,,,7/5/2017,54,NA,NA,NA,NA,7/13/2017,52.4,NA,NA,NA,NA,6/19/2018,57.5,134,96,107,58,,NA,NA,NA,NA,NA,,NA,NA,NA,NA,NA,,NA,NA,NA,NA,NA,,,,NA,,,NA,NA,,NA,NA,NA,NA,NA
1125,1125,6/16/2014,MEF,A8,1783,64546,R,Ad,M,6/16/2014,NO,,6/16/2014,53.5,128,95,103,58,9/10/2014,61.5,130,96,106,,7/7/2015,59.5,129,98,104,58,,NA,,,,,,,,,,,,NA,NA,NA,NA,NA,,NA,NA,NA,NA,NA,,NA,NA,NA,NA,NA,,NA,NA,NA,NA,NA,,NA,NA,NA,NA,NA,,NA,NA,NA,NA,NA,,,,NA,,,NA,NA,,NA,NA,NA,NA,NA
1144,1144,8/29/2014,MEF,A29,1783,64565,R,?,?,8/29/2014,8/29/2024,,8/29/2014,53,131,101,110,64,,,NA,,,,,,,,,,,NA,,,,,,,,,,,,NA,NA,NA,NA,NA,,NA,NA,NA,NA,NA,,NA,NA,NA,NA,NA,,NA,NA,NA,NA,NA,,NA,NA,NA,NA,NA,,NA,NA,NA,NA,NA,,,,NA,,,NA,NA,,NA,NA,NA,NA,NA
1147,1147,9/2/2014,MEF,A29,1783,64568,L,HY,?,9/2/2014,9/2/2014,,9/2/2014,55.5,138,101,111,63,,,NA,,,,,,,,,,,NA,,,,,,,,,,,,NA,NA,NA,NA,NA,,NA,NA,NA,NA,NA,,NA,NA,NA,NA,NA,,NA,NA,NA,NA,NA,,NA,NA,NA,NA,NA,,NA,NA,NA,NA,NA,,,,NA,,,NA,NA,,NA,NA,NA,NA,NA
1148,1148,9/2/2014,MEF,A29,1783,64569,L,?,?,9/2/2014,9/2/2014,,9/2/2014,59,132,99,107,63,,,NA,,,,,,,,,,,NA,,,,,,,,,,,,NA,NA,NA,NA,NA,,NA,NA,NA,NA,NA,,NA,NA,NA,NA,NA,,NA,NA,NA,NA,NA,,NA,NA,NA,NA,NA,,NA,NA,NA,NA,NA,,,,NA,,,NA,NA,,NA,NA,NA,NA,NA
1149,1149,9/2/2014,MEF,A29,1783,64570,L,?,?,9/9/2014,9/9/2014,,9/2/2014,59,,99,108,,9/9/2014,59.5,134,99,108,66,,,,,,,,NA,,,,,,,,,,,,NA,NA,NA,NA,NA,,NA,NA,NA,NA,NA,,NA,NA,NA,NA,NA,,NA,NA,NA,NA,NA,,NA,NA,NA,NA,NA,,NA,NA,NA,NA,NA,,"Early release. Did not get LWC, Rect or Blood",,NA,,,NA,NA,,NA,NA,NA,NA,NA
1159,1159,7/14/2014,MEF,A4,1783,64580,R,L,?,7/14/2014,7/14/2014,,7/14/2014,59.4,,56,57,29,9/11/2015,63.7,133,97,106,63,,,,,,,,NA,,,,,,,,,,,,NA,NA,NA,NA,NA,,NA,NA,NA,NA,NA,,NA,NA,NA,NA,NA,,NA,NA,NA,NA,NA,,NA,NA,NA,NA,NA,,NA,NA,NA,NA,NA,,,,NA,,,NA,NA,,NA,NA,NA,NA,NA
1166,1166,7/14/2014,MEF,B13,1783,64587,R,FL,?,7/14/2014,NO,,7/14/2014,57.5,,68,69,34,9/3/2014,57.5,130,94,103,61,,,,,,,,NA,,,,,,,,,,,,NA,NA,NA,NA,NA,,NA,NA,NA,NA,NA,,NA,NA,NA,NA,NA,,NA,NA,NA,NA,NA,,NA,NA,NA,NA,NA,,NA,NA,NA,NA,NA,,,,NA,,,NA,NA,,NA,NA,NA,NA,NA
1223,1223,7/13/2016,MEF,A20,1783,74347,R,Ad,F,7/13/2016,,F,7/13/2016,59,126,97,106,57,8/22/2016,68.5,137,31,94,76,,,,,,,,NA,,,,,,,,,,,,NA,NA,NA,NA,NA,,NA,NA,NA,NA,NA,,NA,NA,NA,NA,NA,,NA,NA,NA,NA,NA,,NA,NA,NA,NA,NA,,NA,NA,NA,NA,NA,,,,NA,,,NA,NA,,NA,NA,NA,NA,NA
1227,1227,7/9/2016,MEF,B12,1783,74351,L,HY,?,7/8/2016,,M,7/8/2016,53.6,,,,,8/26/2016,51.6,124,60,95,104,7/6/2017,54,125,molt,102,61,,NA,,,,,,,,,,,,NA,NA,NA,NA,NA,,NA,NA,NA,NA,NA,,NA,NA,NA,NA,NA,,NA,NA,NA,NA,NA,,NA,NA,NA,NA,NA,,NA,NA,NA,NA,NA,,,,NA,,,NA,NA,,NA,NA,NA,NA,NA
1238,1238,9/2/2016,MEF,,1783,74362,,Y,U,L,,,9/2/2016,54,128,98,105,61,,,NA,,,,,,,,,,,NA,,,,,,,,,,,,NA,NA,NA,NA,NA,,NA,NA,NA,NA,NA,,NA,NA,NA,NA,NA,,NA,NA,NA,NA,NA,,NA,NA,NA,NA,NA,,NA,NA,NA,NA,NA,,,,NA,,,NA,NA,,NA,NA,NA,NA,NA
1249,1249,7/18/2016,MEF,A41,1783,74373,L,Ad,?,7/18/2016,,M,7/18/2016,55.8,132,98,106,64,,,NA,,,,,,,,,,,NA,,,,,,,,,,,,NA,NA,NA,NA,NA,,NA,NA,NA,NA,NA,,NA,NA,NA,NA,NA,,NA,NA,NA,NA,NA,,NA,NA,NA,NA,NA,,NA,NA,NA,NA,NA,,,,NA,,,NA,NA,,NA,NA,NA,NA,NA
1251,1251,9/3/2016,MEF,,1783,74375,,Y,U,L,,,9/3/2016,59.1,128,98,107,62,,,NA,,,,,,,,,,,NA,,,,,,,,,,,,NA,NA,NA,NA,NA,,NA,NA,NA,NA,NA,,NA,NA,NA,NA,NA,,NA,NA,NA,NA,NA,,NA,NA,NA,NA,NA,,NA,NA,NA,NA,NA,,,,NA,,,NA,NA,,NA,NA,NA,NA,NA
1252,1252,9/3/2016,MEF,,1783,74376,,Y,U,L,,,9/3/2016,50.4,128,94,101,59,,,NA,,,,,,,,,,,NA,,,,,,,,,,,,NA,NA,NA,NA,NA,,NA,NA,NA,NA,NA,,NA,NA,NA,NA,NA,,NA,NA,NA,NA,NA,,NA,NA,NA,NA,NA,,NA,NA,NA,NA,NA,,,,NA,,,NA,NA,,NA,NA,NA,NA,NA
1253,1253,9/4/2016,MEF,,1783,74377,,Y,U,L,,,9/4/2016,54.8,127,98,105,62,,,NA,9/10/2016,54.5,,,,,,,,,NA,,,,,,,,,,,,NA,NA,NA,NA,NA,,NA,NA,NA,NA,NA,,NA,NA,NA,NA,NA,,NA,NA,NA,NA,NA,,NA,NA,NA,NA,NA,,NA,NA,NA,NA,NA,,,,NA,,,NA,NA,,NA,NA,NA,NA,NA
1254,1254,9/4/2016,MEF,,1783,74378,,Y,U,L,,,9/4/2016,51.5,125,97,103,59,,,NA,,,,,,,,,,,NA,,,,,,,,,,,,NA,NA,NA,NA,NA,,NA,NA,NA,NA,NA,,NA,NA,NA,NA,NA,,NA,NA,NA,NA,NA,,NA,NA,NA,NA,NA,,NA,NA,NA,NA,NA,,,,NA,,,NA,NA,,NA,NA,NA,NA,NA
1255,1255,9/5/2016,MEF,,1783,74379,,Y,U,L,,,9/5/2016,50.4,130,100,107,62,,,NA,,,,,,,,,,,NA,,,,,,,,,,,,NA,NA,NA,NA,NA,,NA,NA,NA,NA,NA,,NA,NA,NA,NA,NA,,NA,NA,NA,NA,NA,,NA,NA,NA,NA,NA,,NA,NA,NA,NA,NA,,,,NA,,,NA,NA,,NA,NA,NA,NA,NA
1256,1256,9/6/2016,MEF,,1783,74380,,Y,U,L,,,9/6/2016,52.5,123,98,104,59,,,NA,,,,,,,,,,,NA,,,,,,,,,,,,NA,NA,NA,NA,NA,,NA,NA,NA,NA,NA,,NA,NA,NA,NA,NA,,NA,NA,NA,NA,NA,,NA,NA,NA,NA,NA,,NA,NA,NA,NA,NA,,,,NA,,,NA,NA,,NA,NA,NA,NA,NA
1257,1257,9/6/2016,MEF,,1783,74381,,Y,U,L,,F,9/6/2016,56.6,130,98,105,64,,,NA,,,,,,,,,,,NA,,,,,,,,,,,,NA,NA,NA,NA,NA,,NA,NA,NA,NA,NA,,NA,NA,NA,NA,NA,,NA,NA,NA,NA,NA,,NA,NA,NA,NA,NA,,NA,NA,NA,NA,NA,,,,NA,,,NA,NA,,NA,NA,NA,NA,NA
1266,1266,8/22/2016,MEF,,1783,74390,,A,F,L,,,8/22/2016,57.9,121,93,78,43,,,NA,,,,,,,,,,,NA,,,,,,,,,,,,NA,NA,NA,NA,NA,,NA,NA,NA,NA,NA,,NA,NA,NA,NA,NA,,NA,NA,NA,NA,NA,,NA,NA,NA,NA,NA,,NA,NA,NA,NA,NA,,,,NA,,,NA,NA,,NA,NA,NA,NA,NA
1267,1267,8/22/2016,MEF,,1783,74391,,Y,U,L,,,8/22/2016,57.3,126,96,104,63,,,NA,,,,,,,,,,,NA,,,,,,,,,,,,NA,NA,NA,NA,NA,,NA,NA,NA,NA,NA,,NA,NA,NA,NA,NA,,NA,NA,NA,NA,NA,,NA,NA,NA,NA,NA,,NA,NA,NA,NA,NA,,,,NA,,,NA,NA,,NA,NA,NA,NA,NA
1268,1268,8/22/2016,MEF,,1783,74392,,Y,U,R,,,8/22/2016,45.4,126,95,104,64,,,NA,9/4/2016,52.5,,,,,,,,,NA,,,,,,,,,,,,NA,NA,NA,NA,NA,,NA,NA,NA,NA,NA,,NA,NA,NA,NA,NA,,NA,NA,NA,NA,NA,,NA,NA,NA,NA,NA,,NA,NA,NA,NA,NA,,,,NA,,,NA,NA,,NA,NA,NA,NA,NA
1269,1269,8/23/2016,MEF,,1783,74393,,Y,U,R,,,8/23/2016,54.1,128,95,102,64,,,NA,,,,,,,,,,,NA,,,,,,,,,,,,NA,NA,NA,NA,NA,,NA,NA,NA,NA,NA,,NA,NA,NA,NA,NA,,NA,NA,NA,NA,NA,,NA,NA,NA,NA,NA,,NA,NA,NA,NA,NA,,,,NA,,,NA,NA,,NA,NA,NA,NA,NA
1270,1270,8/24/2016,MEF,,1783,74394,,Y,U,R,,,8/24/2016,53.2,125,91,99,58,,,NA,,,,,,,,,,,NA,,,,,,,,,,,,NA,NA,NA,NA,NA,,NA,NA,NA,NA,NA,,NA,NA,NA,NA,NA,,NA,NA,NA,NA,NA,,NA,NA,NA,NA,NA,,NA,NA,NA,NA,NA,,,,NA,,,NA,NA,,NA,NA,NA,NA,NA
1271,1271,8/26/2016,MEF,,1783,74395,,Y,U,L,,F,8/26/2016,55.9,131,101,108,64,,,NA,,,,,,,,,,,NA,,,,,,,,,,,,NA,NA,NA,NA,NA,,NA,NA,NA,NA,NA,,NA,NA,NA,NA,NA,,NA,NA,NA,NA,NA,,NA,NA,NA,NA,NA,,NA,NA,NA,NA,NA,,,,NA,,,NA,NA,,NA,NA,NA,NA,NA
1272,1272,8/26/2016,MEF,,1783,74396,,Y,U,L,,,8/26/2016,60.4,132,100,107,61,,,NA,9/11/2016,56.3,,,,,,,,,NA,,,,,,,,,,,,NA,NA,NA,NA,NA,,NA,NA,NA,NA,NA,,NA,NA,NA,NA,NA,,NA,NA,NA,NA,NA,,NA,NA,NA,NA,NA,,NA,NA,NA,NA,NA,,,,NA,,,NA,NA,,NA,NA,NA,NA,NA
1276,1276,8/26/2016,MEF,,1783,74400,,Y,U,L,,F,8/26/2016,57.4,126,96,104,65,,,NA,,,,,,,,,,,NA,,,,,,,,,,,,NA,NA,NA,NA,NA,,NA,NA,NA,NA,NA,,NA,NA,NA,NA,NA,,NA,NA,NA,NA,NA,,NA,NA,NA,NA,NA,,NA,NA,NA,NA,NA,,,,NA,,,NA,NA,,NA,NA,NA,NA,NA
1277,1277,9/1/2016,MEF,,1783,74401,,Y,U,Y,,,9/1/2016,56.6,131,98,107,63,,,NA,,,,,,,,,,,NA,,,,,,,,,,,,NA,NA,NA,NA,NA,,NA,NA,NA,NA,NA,,NA,NA,NA,NA,NA,,NA,NA,NA,NA,NA,,NA,NA,NA,NA,NA,,NA,NA,NA,NA,NA,,,,NA,,,NA,NA,,NA,NA,NA,NA,NA
1278,1278,9/2/2016,MEF,,1783,74402,,Y,U,L,,F,9/2/2016,53.6,128,100,109,63,,,NA,,,,,,,,,,,NA,,,,,,,,,,,,NA,NA,NA,NA,NA,,NA,NA,NA,NA,NA,,NA,NA,NA,NA,NA,,NA,NA,NA,NA,NA,,NA,NA,NA,NA,NA,,NA,NA,NA,NA,NA,,,,NA,,,NA,NA,,NA,NA,NA,NA,NA
1279,1279,9/2/2016,MEF,,1783,74403,,A,U,Y,,,9/2/2016,59.9,128,99,107,57,,,NA,9/18/2016,62.9,,,,,,,,,NA,,,,,,,,,,,,NA,NA,NA,NA,NA,,NA,NA,NA,NA,NA,,NA,NA,NA,NA,NA,,NA,NA,NA,NA,NA,,NA,NA,NA,NA,NA,,NA,NA,NA,NA,NA,,,,NA,,,NA,NA,,NA,NA,NA,NA,NA
1282,1282,9/3/2014,MEF,A27,1833,3103,R,HY,?,9/3/2014,9/3/2014,,9/3/2014,58.5,123,95,102,61,9/6/2014,59,NA,,,,9/10/2014,59.5,,,,,,NA,,,,,,,,,,,,NA,NA,NA,NA,NA,,NA,NA,NA,NA,NA,,NA,NA,NA,NA,NA,,NA,NA,NA,NA,NA,,NA,NA,NA,NA,NA,,NA,NA,NA,NA,NA,,,,NA,,,NA,NA,,NA,NA,NA,NA,NA
1283,1283,9/3/2014,MEF,A11,1833,3104,L,Ad,M,9/3/2014,9/3/2014,,9/3/2014,60.5,133,97,105,57,9/6/2014,61,NA,,,,6/10/2015,53.5,130,93,103,60,,NA,,,,,,,,,,,,NA,NA,NA,NA,NA,,NA,NA,NA,NA,NA,,NA,NA,NA,NA,NA,,NA,NA,NA,NA,NA,,NA,NA,NA,NA,NA,,NA,NA,NA,NA,NA,,,,NA,,,NA,NA,,NA,NA,NA,NA,NA
1284,1284,9/3/2014,MEF,A11,1833,3105,L,?,?,9/3/2014,9/3/2014,,9/3/2014,55,127,95,104,59,7/12/2018,52.5,132,97,101,62,,,,,,,,NA,,,,,,,,,,,,NA,NA,NA,NA,NA,,NA,NA,NA,NA,NA,,NA,NA,NA,NA,NA,,NA,NA,NA,NA,NA,,NA,NA,NA,NA,NA,,NA,NA,NA,NA,NA,,,,NA,,,NA,NA,,NA,NA,NA,NA,NA
1285,1285,9/3/2014,MEF,A11,1833,3106,R,?,?,9/3/2014,9/3/2014,,9/3/2014,58,134,99,107,65,,,NA,,,,,,,,,,,NA,,,,,,,,,,,,NA,NA,NA,NA,NA,,NA,NA,NA,NA,NA,,NA,NA,NA,NA,NA,,NA,NA,NA,NA,NA,,NA,NA,NA,NA,NA,,NA,NA,NA,NA,NA,,,,NA,,,NA,NA,,NA,NA,NA,NA,NA
1286,1286,9/3/2014,MEF,A11,1833,3107,R,Ad,?,9/3/2014,9/3/2014,,9/3/2014,69,134,99,106,60,,,NA,,,,,,,,,,,NA,,,,,,,,,,,,NA,NA,NA,NA,NA,,NA,NA,NA,NA,NA,,NA,NA,NA,NA,NA,,NA,NA,NA,NA,NA,,NA,NA,NA,NA,NA,,NA,NA,NA,NA,NA,,,,NA,,,NA,NA,,NA,NA,NA,NA,NA
1287,1287,9/3/2014,MEF,A11,1833,3108,R,Ad,F,9/3/2014,9/3/2014,,9/3/2014,62,124,94,103,62,,,NA,,,,,,,,,,,NA,,,,,,,,,,,,NA,NA,NA,NA,NA,,NA,NA,NA,NA,NA,,NA,NA,NA,NA,NA,,NA,NA,NA,NA,NA,,NA,NA,NA,NA,NA,,NA,NA,NA,NA,NA,,,,NA,,,NA,NA,,NA,NA,NA,NA,NA
1288,1288,9/4/2014,MEF,A2,1833,3109,L,?,?,9/4/2014,9/4/2014,,9/4/2014,55,132,100,106,62,,,NA,,,,,,,,,,,NA,,,,,,,,,,,,NA,NA,NA,NA,NA,,NA,NA,NA,NA,NA,,NA,NA,NA,NA,NA,,NA,NA,NA,NA,NA,,NA,NA,NA,NA,NA,,NA,NA,NA,NA,NA,,,,NA,,,NA,NA,,NA,NA,NA,NA,NA
1289,1289,9/4/2014,MEF,A2,1833,3110,R,?,?,9/4/2014,9/4/2014,,9/4/2014,58,129,97,107,64,9/6/2014,57.5,NA,,,,,,,,,,,NA,,,,,,,,,,,,NA,NA,NA,NA,NA,,NA,NA,NA,NA,NA,,NA,NA,NA,NA,NA,,NA,NA,NA,NA,NA,,NA,NA,NA,NA,NA,,NA,NA,NA,NA,NA,,,,NA,,,NA,NA,,NA,NA,NA,NA,NA
1290,1290,9/4/2014,MEF,A2,1833,3111,L,?,?,9/4/2014,9/4/2014,,9/4/2014,55,123,91,100,61,,,NA,,,,,,,,,,,NA,,,,,,,,,,,,NA,NA,NA,NA,NA,,NA,NA,NA,NA,NA,,NA,NA,NA,NA,NA,,NA,NA,NA,NA,NA,,NA,NA,NA,NA,NA,,NA,NA,NA,NA,NA,,,,NA,,,NA,NA,,NA,NA,NA,NA,NA
1291,1291,9/4/2014,MEF,A2,1833,3112,L,Ad,F,9/4/2014,9/4/2014,,9/4/2014,58.5,132,100,108,66,,,NA,,,,,,,,,,,NA,,,,,,,,,,,,NA,NA,NA,NA,NA,,NA,NA,NA,NA,NA,,NA,NA,NA,NA,NA,,NA,NA,NA,NA,NA,,NA,NA,NA,NA,NA,,NA,NA,NA,NA,NA,,,,NA,,,NA,NA,,NA,NA,NA,NA,NA
1292,1292,9/6/2014,MEF,A27,1833,3113,L,?,?,9/6/2014,9/6/2014,,9/6/2014,54.5,129,95,103,57,,,NA,,,,,,,,,,,NA,,,,,,,,,,,,NA,NA,NA,NA,NA,,NA,NA,NA,NA,NA,,NA,NA,NA,NA,NA,,NA,NA,NA,NA,NA,,NA,NA,NA,NA,NA,,NA,NA,NA,NA,NA,,,,NA,,,NA,NA,,NA,NA,NA,NA,NA
1293,1293,9/6/2014,MEF,A27,1833,3114,R,?,?,9/6/2014,9/6/2014,,9/6/2014,59.5,132,97,107,61,,,NA,,,,,,,,,,,NA,,,,,,,,,,,,NA,NA,NA,NA,NA,,NA,NA,NA,NA,NA,,NA,NA,NA,NA,NA,,NA,NA,NA,NA,NA,,NA,NA,NA,NA,NA,,NA,NA,NA,NA,NA,,,,NA,,,NA,NA,,NA,NA,NA,NA,NA
1294,1294,9/6/2014,MEF,A27,1833,3115,R,?,?,9/6/2014,9/6/2014,,9/6/2014,58.5,127,96,108,61,,,NA,,,,,,,,,,,NA,,,,,,,,,,,,NA,NA,NA,NA,NA,,NA,NA,NA,NA,NA,,NA,NA,NA,NA,NA,,NA,NA,NA,NA,NA,,NA,NA,NA,NA,NA,,NA,NA,NA,NA,NA,,,,NA,,,NA,NA,,NA,NA,NA,NA,NA
1295,1295,9/6/2014,MEF,A27,1833,3116,L,?,?,9/6/2014,9/6/2014,,9/6/2014,58,133,99,107,61,6/15/2016,51.5,131,96,106,61,6/27/2017,60,133,,,,,NA,,,,,,,,,,,,NA,NA,NA,NA,NA,,NA,NA,NA,NA,NA,,NA,NA,NA,NA,NA,,NA,NA,NA,NA,NA,,NA,NA,NA,NA,NA,,NA,NA,NA,NA,NA,,,,NA,,,NA,NA,,NA,NA,NA,NA,NA
1296,1296,9/6/2014,MEF,A27,1833,3117,L,?,?,9/6/2014,9/6/2014,,9/6/2014,56.5,136,99,108,62,,,NA,,,,,,,,,,,NA,,,,,,,,,,,,NA,NA,NA,NA,NA,,NA,NA,NA,NA,NA,,NA,NA,NA,NA,NA,,NA,NA,NA,NA,NA,,NA,NA,NA,NA,NA,,NA,NA,NA,NA,NA,,,,NA,,,NA,NA,,NA,NA,NA,NA,NA
1297,1297,9/6/2014,MEF,A27,1833,3118,L,Ad,F,9/6/2014,9/6/2014,,9/6/2014,53.5,126,98,106,62,,,NA,,,,,,,,,,,NA,,,,,,,,,,,,NA,NA,NA,NA,NA,,NA,NA,NA,NA,NA,,NA,NA,NA,NA,NA,,NA,NA,NA,NA,NA,,NA,NA,NA,NA,NA,,NA,NA,NA,NA,NA,,,,NA,,,NA,NA,,NA,NA,NA,NA,NA
1298,1298,9/6/2014,MEF,A11,1833,3119,L,Ad,F,9/6/2014,9/6/2014,,9/6/2014,59.5,131,99,108,60,,,NA,,,,,,,,,,,NA,,,,,,,,,,,,NA,NA,NA,NA,NA,,NA,NA,NA,NA,NA,,NA,NA,NA,NA,NA,,NA,NA,NA,NA,NA,,NA,NA,NA,NA,NA,,NA,NA,NA,NA,NA,,,,NA,,,NA,NA,,NA,NA,NA,NA,NA
1299,1299,9/6/2014,MEF,A27,1833,3120,R,Ad,F,9/6/2014,9/6/2014,,9/6/2014,66,125,95,103,59,,,NA,,,,,,,,,,,NA,,,,,,,,,,,,NA,NA,NA,NA,NA,,NA,NA,NA,NA,NA,,NA,NA,NA,NA,NA,,NA,NA,NA,NA,NA,,NA,NA,NA,NA,NA,,NA,NA,NA,NA,NA,,,,NA,,,NA,NA,,NA,NA,NA,NA,NA
1303,1303,9/9/2014,MEF,A2,1833,3124,L,Ad,M,9/9/2014,9/9/2014,,9/9/2014,63,130,96,107,65,,,NA,,,,,,,,,,,NA,,,,,,,,,,,,NA,NA,NA,NA,NA,,NA,NA,NA,NA,NA,,NA,NA,NA,NA,NA,,NA,NA,NA,NA,NA,,NA,NA,NA,NA,NA,,NA,NA,NA,NA,NA,,,,NA,,,NA,NA,,NA,NA,NA,NA,NA
1304,1304,9/9/2014,MEF,A2,1833,3125,R,Ad,F,9/9/2014,9/9/2014,,9/9/2014,60,129,95,102,60,,,NA,,,,,,,,,,,NA,,,,,,,,,,,,NA,NA,NA,NA,NA,,NA,NA,NA,NA,NA,,NA,NA,NA,NA,NA,,NA,NA,NA,NA,NA,,NA,NA,NA,NA,NA,,NA,NA,NA,NA,NA,,,,NA,,,NA,NA,,NA,NA,NA,NA,NA
1305,1305,9/9/2014,MEF,A2,1833,3126,R,Ad,F,9/9/2014,9/9/2014,,9/9/2014,55.5,132,100,109,64,,,NA,,,,,,,,,,,NA,,,,,,,,,,,,NA,NA,NA,NA,NA,,NA,NA,NA,NA,NA,,NA,NA,NA,NA,NA,,NA,NA,NA,NA,NA,,NA,NA,NA,NA,NA,,NA,NA,NA,NA,NA,,,,NA,,,NA,NA,,NA,NA,NA,NA,NA
1306,1306,9/9/2014,MEF,A2,1833,3127,R,Ad,?,9/9/2014,9/9/2014,,9/9/2014,65,125,97,105,64,,,NA,,,,,,,,,,,NA,,,,,,,,,,,,NA,NA,NA,NA,NA,,NA,NA,NA,NA,NA,,NA,NA,NA,NA,NA,,NA,NA,NA,NA,NA,,NA,NA,NA,NA,NA,,NA,NA,NA,NA,NA,,,,NA,,,NA,NA,,NA,NA,NA,NA,NA
1307,1307,9/9/2014,MEF,A2,1833,3128,L,Ad,F,9/9/2014,9/9/2014,,9/9/2014,55.5,133,98,107,59,,,NA,,,,,,,,,,,NA,,,,,,,,,,,,NA,NA,NA,NA,NA,,NA,NA,NA,NA,NA,,NA,NA,NA,NA,NA,,NA,NA,NA,NA,NA,,NA,NA,NA,NA,NA,,NA,NA,NA,NA,NA,,,,NA,,,NA,NA,,NA,NA,NA,NA,NA
1308,1308,9/9/2014,MEF,A2,1833,3129,R,Ad,F,NO,NO,,9/9/2014,56.5,128,94,103,63,,,NA,,,,,,,,,,,NA,,,,,,,,,,,,NA,NA,NA,NA,NA,,NA,NA,NA,NA,NA,,NA,NA,NA,NA,NA,,NA,NA,NA,NA,NA,,NA,NA,NA,NA,NA,,NA,NA,NA,NA,NA,,,,NA,,,NA,NA,,NA,NA,NA,NA,NA
1309,1309,9/9/2014,MEF,A2,1833,3130,L,Ad,?,9/9/2014,9/9/2014,,9/9/2014,63,127,97,105,60,9/16/2015,62.3,128,97,105,58,,,,,,,,NA,,,,,,,,,,,,NA,NA,NA,NA,NA,,NA,NA,NA,NA,NA,,NA,NA,NA,NA,NA,,NA,NA,NA,NA,NA,,NA,NA,NA,NA,NA,,NA,NA,NA,NA,NA,,,,NA,,,NA,NA,,NA,NA,NA,NA,NA
1310,1310,9/10/2014,MEF,A27,1833,3131,R,Ad,F,9/10/2014,9/10/2014,,9/10/2014,58,139,98,106,60,,,NA,,,,,,,,,,,NA,,,,,,,,,,,,NA,NA,NA,NA,NA,,NA,NA,NA,NA,NA,,NA,NA,NA,NA,NA,,NA,NA,NA,NA,NA,,NA,NA,NA,NA,NA,,NA,NA,NA,NA,NA,,,,NA,,,NA,NA,,NA,NA,NA,NA,NA
1311,1311,9/10/2014,MEF,A11,1833,3132,L,?,?,9/10/2014,9/10/2014,,9/10/2014,54,129,97,106,61,,,NA,,,,,,,,,,,NA,,,,,,,,,,,,NA,NA,NA,NA,NA,,NA,NA,NA,NA,NA,,NA,NA,NA,NA,NA,,NA,NA,NA,NA,NA,,NA,NA,NA,NA,NA,,NA,NA,NA,NA,NA,,,,NA,,,NA,NA,,NA,NA,NA,NA,NA
1312,1312,9/10/2014,MEF,A11,1833,3133,L,Ad,F,9/10/2014,9/10/2014,,9/10/2014,58.5,136,106,111,62,,,NA,,,,,,,,,,,NA,,,,,,,,,,,,NA,NA,NA,NA,NA,,NA,NA,NA,NA,NA,,NA,NA,NA,NA,NA,,NA,NA,NA,NA,NA,,NA,NA,NA,NA,NA,,NA,NA,NA,NA,NA,,,,NA,,,NA,NA,,NA,NA,NA,NA,NA
1313,1313,9/10/2014,MEF,A11,1833,3134,L,?,?,9/10/2014,NO,,9/10/2014,60.5,134,102,110,63,,,NA,,,,,,,,,,,NA,,,,,,,,,,,,NA,NA,NA,NA,NA,,NA,NA,NA,NA,NA,,NA,NA,NA,NA,NA,,NA,NA,NA,NA,NA,,NA,NA,NA,NA,NA,,NA,NA,NA,NA,NA,,,,NA,,,NA,NA,,NA,NA,NA,NA,NA
1314,1314,9/10/2014,MEF,A27,1833,3135,R,HY,?,9/10/2014,9/10/2014,,9/10/2014,57.5,134,98,106,63,,,NA,,,,,,,,,,,NA,,,,,,,,,,,,NA,NA,NA,NA,NA,,NA,NA,NA,NA,NA,,NA,NA,NA,NA,NA,,NA,NA,NA,NA,NA,,NA,NA,NA,NA,NA,,NA,NA,NA,NA,NA,,,,NA,,,NA,NA,,NA,NA,NA,NA,NA
1315,1315,9/13/2014,MEF,A27,1833,3136,R,?,?,9/13/2014,9/13/2014,,9/13/2014,61.5,131,97,106,64,,,NA,,,,,,,,,,,NA,,,,,,,,,,,,NA,NA,NA,NA,NA,,NA,NA,NA,NA,NA,,NA,NA,NA,NA,NA,,NA,NA,NA,NA,NA,,NA,NA,NA,NA,NA,,NA,NA,NA,NA,NA,,,,NA,,,NA,NA,,NA,NA,NA,NA,NA
1316,1316,9/13/2014,MEF,A27,1833,3137,?,?,?,9/13/2014,9/13/2014,,9/13/2014,60,129,94,103,59,,,NA,,,,,,,,,,,NA,,,,,,,,,,,,NA,NA,NA,NA,NA,,NA,NA,NA,NA,NA,,NA,NA,NA,NA,NA,,NA,NA,NA,NA,NA,,NA,NA,NA,NA,NA,,NA,NA,NA,NA,NA,,,,NA,,,NA,NA,,NA,NA,NA,NA,NA
1317,1317,9/13/2014,MEF,A27,1833,3138,L,?,?,9/13/2014,9/13/2014,,9/13/2014,58.5,130,96,106,59,,,NA,,,,,,,,,,,NA,,,,,,,,,,,,NA,NA,NA,NA,NA,,NA,NA,NA,NA,NA,,NA,NA,NA,NA,NA,,NA,NA,NA,NA,NA,,NA,NA,NA,NA,NA,,NA,NA,NA,NA,NA,,,,NA,,,NA,NA,,NA,NA,NA,NA,NA
1318,1318,9/13/2014,MEF,A27,1833,3139,R,?,?,9/13/2014,9/13/2014,,9/13/2014,56.5,128,95,102,57,,,NA,,,,,,,,,,,NA,,,,,,,,,,,,NA,NA,NA,NA,NA,,NA,NA,NA,NA,NA,,NA,NA,NA,NA,NA,,NA,NA,NA,NA,NA,,NA,NA,NA,NA,NA,,NA,NA,NA,NA,NA,,,,NA,,,NA,NA,,NA,NA,NA,NA,NA
1319,1319,9/13/2014,MEF,A11,1833,3140,R,Ad,F,9/13/2014,9/13/2014,,9/13/2014,55.5,134,98,106,65,,,NA,,,,,,,,,,,NA,,,,,,,,,,,,NA,NA,NA,NA,NA,,NA,NA,NA,NA,NA,,NA,NA,NA,NA,NA,,NA,NA,NA,NA,NA,,NA,NA,NA,NA,NA,,NA,NA,NA,NA,NA,,,,NA,,,NA,NA,,NA,NA,NA,NA,NA
1320,1320,9/16/2014,MEF,A29,1833,3141,L,HY,?,9/16/2014,9/16/2014,,9/16/2014,54.5,134,99,109,64,,,NA,,,,,,,,,,,NA,,,,,,,,,,,,NA,NA,NA,NA,NA,,NA,NA,NA,NA,NA,,NA,NA,NA,NA,NA,,NA,NA,NA,NA,NA,,NA,NA,NA,NA,NA,,NA,NA,NA,NA,NA,,,,NA,,,NA,NA,,NA,NA,NA,NA,NA
1321,1321,9/16/2014,MEF,A29,1833,3142,L,?,?,9/16/2014,9/16/2014,,9/16/2014,55,134,98,106,61,,,NA,,,,,,,,,,,NA,,,,,,,,,,,,NA,NA,NA,NA,NA,,NA,NA,NA,NA,NA,,NA,NA,NA,NA,NA,,NA,NA,NA,NA,NA,,NA,NA,NA,NA,NA,,NA,NA,NA,NA,NA,,,,NA,,,NA,NA,,NA,NA,NA,NA,NA
1322,1322,9/16/2014,MEF,A29,1833,3143,L,?,?,9/16/2014,9/16/2014,,9/16/2014,63,126,97,105,64,,,NA,,,,,,,,,,,NA,,,,,,,,,,,,NA,NA,NA,NA,NA,,NA,NA,NA,NA,NA,,NA,NA,NA,NA,NA,,NA,NA,NA,NA,NA,,NA,NA,NA,NA,NA,,NA,NA,NA,NA,NA,,,,NA,,,NA,NA,,NA,NA,NA,NA,NA
1323,1323,9/16/2014,MEF,A29,1833,3144,L,?,?,9/16/2014,9/16/2014,,9/16/2014,56.5,137,103,112,66,,,NA,,,,,,,,,,,NA,,,,,,,,,,,,NA,NA,NA,NA,NA,,NA,NA,NA,NA,NA,,NA,NA,NA,NA,NA,,NA,NA,NA,NA,NA,,NA,NA,NA,NA,NA,,NA,NA,NA,NA,NA,,,,NA,,,NA,NA,,NA,NA,NA,NA,NA
1324,1324,9/16/2014,MEF,A29,1833,3145,L,Ad,F,9/16/2014,9/16/2014,M??,9/16/2014,58.5,131,101,109,65,,,NA,,,,,,,,,,,NA,,,,,,,,,,,,NA,NA,NA,NA,NA,,NA,NA,NA,NA,NA,,NA,NA,NA,NA,NA,,NA,NA,NA,NA,NA,,NA,NA,NA,NA,NA,,NA,NA,NA,NA,NA,,,,NA,,,NA,NA,,NA,NA,NA,NA,NA
1325,1325,9/17/2014,MEF,A11,1833,3146,R,Ad,?,9/17/2014,9/17/2014,F,9/17/2014,67.5,136,100,109,64,,,NA,,,,,,,,,,,NA,,,,,,,,,,,,NA,NA,NA,NA,NA,,NA,NA,NA,NA,NA,,NA,NA,NA,NA,NA,,NA,NA,NA,NA,NA,,NA,NA,NA,NA,NA,,NA,NA,NA,NA,NA,,,,NA,,,NA,NA,,NA,NA,NA,NA,NA
1326,1326,9/17/2014,MEF,A27,1833,3147,L,?,?,9/17/2014,9/17/2014,F,9/17/2014,58,130,95,105,62,,,NA,,,,,,,,,,,NA,,,,,,,,,,,,NA,NA,NA,NA,NA,,NA,NA,NA,NA,NA,,NA,NA,NA,NA,NA,,NA,NA,NA,NA,NA,,NA,NA,NA,NA,NA,,NA,NA,NA,NA,NA,,,,NA,,,NA,NA,,NA,NA,NA,NA,NA
1327,1327,9/18/2014,MEF,A2,1833,3148,L,Ad,?,9/18/2014,9/18/2014,M,9/18/2014,75.5,132,98,107,64,,,NA,,,,,,,,,,,NA,,,,,,,,,,,,NA,NA,NA,NA,NA,,NA,NA,NA,NA,NA,,NA,NA,NA,NA,NA,,NA,NA,NA,NA,NA,,NA,NA,NA,NA,NA,,NA,NA,NA,NA,NA,,,,NA,,,NA,NA,,NA,NA,NA,NA,NA
1328,1328,9/19/2014,MEF,A29,1833,3149,?,?,?,9/19/2014,9/19/2014,,9/19/2014,55.5,126,97,105,60,,,NA,,,,,,,,,,,NA,,,,,,,,,,,,NA,NA,NA,NA,NA,,NA,NA,NA,NA,NA,,NA,NA,NA,NA,NA,,NA,NA,NA,NA,NA,,NA,NA,NA,NA,NA,,NA,NA,NA,NA,NA,,,,NA,,,NA,NA,,NA,NA,NA,NA,NA
1329,1329,9/25/2014,MEF,A29,1833,3150,L,?,?,9/25/2014,9/25/2014,M,9/25/2014,50.5,128,96,104,58,,,NA,,,,,,,,,,,NA,,,,,,,,,,,,NA,NA,NA,NA,NA,,NA,NA,NA,NA,NA,,NA,NA,NA,NA,NA,,NA,NA,NA,NA,NA,,NA,NA,NA,NA,NA,,NA,NA,NA,NA,NA,,,,NA,,,NA,NA,,NA,NA,NA,NA,NA
1356,1356,7/17/2015,MEF,A10,1833,3176,L,FL,?,7/17/2015,NO,M,7/17/2015,56,,72,72,35,9/17/2015,59.1,126,96,104,64,,,,,,,,NA,,,,,,,,,,,,NA,NA,NA,NA,NA,,NA,NA,NA,NA,NA,,NA,NA,NA,NA,NA,,NA,NA,NA,NA,NA,,NA,NA,NA,NA,NA,,NA,NA,NA,NA,NA,,,,NA,,,NA,NA,,NA,NA,NA,NA,NA
1368,1368,7/20/2015,MEF,A27,1833,3190,L,FL,?,7/20/2015,NO,M,7/20/2015,56,,69,69,32,8/28/2015,56.5,124,96,103,55,,,,,,,,NA,,,,,,,,,,,,NA,NA,NA,NA,NA,,NA,NA,NA,NA,NA,,NA,NA,NA,NA,NA,,NA,NA,NA,NA,NA,,NA,NA,NA,NA,NA,,NA,NA,NA,NA,NA,,,,NA,,,NA,NA,,NA,NA,NA,NA,NA
1369,1369,7/20/2015,MEF,A27,1833,3191,L,FL,M,7/20/2015,NO,M,7/20/2015,56,,71,70,34,8/28/2015,53.5,126,96,103,58,7/26/2016,53,129,98,105,61,,NA,,,,,,,,,,,,NA,NA,NA,NA,NA,,NA,NA,NA,NA,NA,,NA,NA,NA,NA,NA,,NA,NA,NA,NA,NA,,NA,NA,NA,NA,NA,,NA,NA,NA,NA,NA,,,,NA,,,NA,NA,,NA,NA,NA,NA,NA
1377,1377,9/27/2014,MEF,A2,1833,3201,R,?,?,9/27/2014,9/27/2014,,9/27/2014,53,125,94,103,59,,,NA,,,,,,,,,,,NA,,,,,,,,,,,,NA,NA,NA,NA,NA,,NA,NA,NA,NA,NA,,NA,NA,NA,NA,NA,,NA,NA,NA,NA,NA,,NA,NA,NA,NA,NA,,NA,NA,NA,NA,NA,,,,NA,,,NA,NA,,NA,NA,NA,NA,NA
1438,1436,7/8/2015,MEF,B17,1833,3288,L,Ad,M,7/8/2015,NO,M,7/8/2015,53,121,94,101,55,7/6/2016,52.5,121,95,102,62,7/4/2017,54,124,95,102,61,,NA,,,,,,,,,,,,NA,NA,NA,NA,NA,,NA,NA,NA,NA,NA,,NA,NA,NA,NA,NA,,NA,NA,NA,NA,NA,,NA,NA,NA,NA,NA,,NA,NA,NA,NA,NA,,,,NA,,,NA,NA,,NA,NA,NA,NA,NA
1450,1448,8/18/2015,MEF,A27,1833,3299,R,HY,?,8/18/2015,NO,M,8/18/2015,53.5,126,93,102,63,8/31/2015,56,124,94,106,64,,,,,,,,NA,,,,,,,,,,,,NA,NA,NA,NA,NA,,NA,NA,NA,NA,NA,,NA,NA,NA,NA,NA,,NA,NA,NA,NA,NA,,NA,NA,NA,NA,NA,,NA,NA,NA,NA,NA,,,,NA,,,NA,NA,,NA,NA,NA,NA,NA
1452,1450,8/26/2015,MEF,A29,1833,3301,R,HY,?,8/25/2014,NO,F,8/25/2015,52.5,129,97,104,62,,,NA,,,,,,,,,,,NA,,,,,,,,,,,,NA,NA,NA,NA,NA,,NA,NA,NA,NA,NA,,NA,NA,NA,NA,NA,,NA,NA,NA,NA,NA,,NA,NA,NA,NA,NA,,NA,NA,NA,NA,NA,,,,NA,,,NA,NA,,NA,NA,NA,NA,NA
1453,1451,8/26/2015,MEF,A29,1833,3302,L,HY,?,8/26/2015,NO,,8/26/2015,53,131,96,105,62,9/3/2015,59.5,129,97,105,62,,,,,,,,NA,,,,,,,,,,,,NA,NA,NA,NA,NA,,NA,NA,NA,NA,NA,,NA,NA,NA,NA,NA,,NA,NA,NA,NA,NA,,NA,NA,NA,NA,NA,,NA,NA,NA,NA,NA,,,,NA,,,NA,NA,,NA,NA,NA,NA,NA
1454,1452,8/27/2015,MEF,A2,1833,3303,L,Ad,F,8/27/2015,NO,,8/27/2015,57.5,129,100,109,59,,,NA,,,,,,,,,,,NA,,,,,,,,,,,,NA,NA,NA,NA,NA,,NA,NA,NA,NA,NA,,NA,NA,NA,NA,NA,,NA,NA,NA,NA,NA,,NA,NA,NA,NA,NA,,NA,NA,NA,NA,NA,,,,NA,,,NA,NA,,NA,NA,NA,NA,NA
1455,1453,8/27/2015,MEF,A2,1833,3304,R,Ad,F,8/27/2015,NO,M(!!),8/27/2015,62.5,134,105,114,69,9/2/2015,64,137,104,114,67,,,,,,,,NA,,,,,,,,,,,,NA,NA,NA,NA,NA,,NA,NA,NA,NA,NA,,NA,NA,NA,NA,NA,,NA,NA,NA,NA,NA,,NA,NA,NA,NA,NA,,NA,NA,NA,NA,NA,,,,NA,,,NA,NA,,NA,NA,NA,NA,NA
1456,1454,8/27/2015,MEF,A2,1833,3305,L,HY,?,8/27/2015,NO,,8/27/2015,54.5,135,100,107,63,,,NA,,,,,,,,,,,NA,,,,,,,,,,,,NA,NA,NA,NA,NA,,NA,NA,NA,NA,NA,,NA,NA,NA,NA,NA,,NA,NA,NA,NA,NA,,NA,NA,NA,NA,NA,,NA,NA,NA,NA,NA,,,,NA,,,NA,NA,,NA,NA,NA,NA,NA
1457,1455,8/27/2015,MEF,A2,1833,3306,L,HY,?,8/27/2015,NO,,8/27/2015,56,129,95,102,59,,,NA,,,,,,,,,,,NA,,,,,,,,,,,,NA,NA,NA,NA,NA,,NA,NA,NA,NA,NA,,NA,NA,NA,NA,NA,,NA,NA,NA,NA,NA,,NA,NA,NA,NA,NA,,NA,NA,NA,NA,NA,,,,NA,,,NA,NA,,NA,NA,NA,NA,NA
1458,1456,8/28/2015,MEF,A11,1833,3307,R,HY,?,8/28/2015,NO,F,8/28/2015,59,130,100,109,62,6/29/2016,63,NA,,,,,,,,,,,NA,,,,,,,,,,,,NA,NA,NA,NA,NA,,NA,NA,NA,NA,NA,,NA,NA,NA,NA,NA,,NA,NA,NA,NA,NA,,NA,NA,NA,NA,NA,,NA,NA,NA,NA,NA,,,,NA,,,NA,NA,,NA,NA,NA,NA,NA
1459,1457,8/28/2015,MEF,A11,1833,3308,R,HY,?,8/28/2015,NO,F,8/28/2015,59,132,100,109,59,,,NA,,,,,,,,,,,NA,,,,,,,,,,,,NA,NA,NA,NA,NA,,NA,NA,NA,NA,NA,,NA,NA,NA,NA,NA,,NA,NA,NA,NA,NA,,NA,NA,NA,NA,NA,,NA,NA,NA,NA,NA,,,,NA,,,NA,NA,,NA,NA,NA,NA,NA
1460,1458,8/28/2015,MEF,A11,1833,3309,?,Ad,?,8/28/2015,NO,,8/28/2015,59,122,101,104,51,6/8/2016,,NA,,,,,,,,,,,NA,,,,,,,,,,,,NA,NA,NA,NA,NA,,NA,NA,NA,NA,NA,,NA,NA,NA,NA,NA,,NA,NA,NA,NA,NA,,NA,NA,NA,NA,NA,,NA,NA,NA,NA,NA,,,,NA,,,NA,NA,,NA,NA,NA,NA,NA
1462,1460,8/19/2015,MEF,A2,1833,3311,R,Ad,F,8/19/2015,NO,,8/19/2015,58,131,103,1112,61,8/24/2015,55,133,102,112,67,,,,,,,,NA,,,,,,,,,,,,NA,NA,NA,NA,NA,,NA,NA,NA,NA,NA,,NA,NA,NA,NA,NA,,NA,NA,NA,NA,NA,,NA,NA,NA,NA,NA,,NA,NA,NA,NA,NA,,,,NA,,,NA,NA,,NA,NA,NA,NA,NA
1463,1461,8/20/2015,MEF,A29,1833,3312,R,Ad,F,8/20/2015,NO,,8/20/2015,58.5,125,89,96,62,,,NA,,,,,,,,,,,NA,,,,,,,,,,,,NA,NA,NA,NA,NA,,NA,NA,NA,NA,NA,,NA,NA,NA,NA,NA,,NA,NA,NA,NA,NA,,NA,NA,NA,NA,NA,,NA,NA,NA,NA,NA,,,,NA,,,NA,NA,,NA,NA,NA,NA,NA
1464,1462,8/20/2015,MEF,A29,1833,3313,R,HY,?,8/20/2015,NO,F,8/20/2015,54.5,131,98,107,62,,,NA,,,,,,,,,,,NA,,,,,,,,,,,,NA,NA,NA,NA,NA,,NA,NA,NA,NA,NA,,NA,NA,NA,NA,NA,,NA,NA,NA,NA,NA,,NA,NA,NA,NA,NA,,NA,NA,NA,NA,NA,,,,NA,,,NA,NA,,NA,NA,NA,NA,NA
1465,1463,8/20/2015,MEF,A29,1833,3314,R,HY,?,8/20/2015,NO,F,8/20/2015,50.5,125,99,106,61,,,NA,,,,,,,,,,,NA,,,,,,,,,,,,NA,NA,NA,NA,NA,,NA,NA,NA,NA,NA,,NA,NA,NA,NA,NA,,NA,NA,NA,NA,NA,,NA,NA,NA,NA,NA,,NA,NA,NA,NA,NA,,,,NA,,,NA,NA,,NA,NA,NA,NA,NA
1466,1464,8/20/2015,MEF,A29,1833,3315,R,HY,?,8/20/2015,NO,F,8/20/2015,56,122,97,105,61,,,NA,,,,,,,,,,,NA,,,,,,,,,,,,NA,NA,NA,NA,NA,,NA,NA,NA,NA,NA,,NA,NA,NA,NA,NA,,NA,NA,NA,NA,NA,,NA,NA,NA,NA,NA,,NA,NA,NA,NA,NA,,,,NA,,,NA,NA,,NA,NA,NA,NA,NA
1467,1465,8/20/2015,MEF,A29,1833,3316,R,HY,?,8/20/2015,NO,F,8/20/2015,51.5,131,101,110,65,,,NA,,,,,,,,,,,NA,,,,,,,,,,,,NA,NA,NA,NA,NA,,NA,NA,NA,NA,NA,,NA,NA,NA,NA,NA,,NA,NA,NA,NA,NA,,NA,NA,NA,NA,NA,,NA,NA,NA,NA,NA,,,,NA,,,NA,NA,,NA,NA,NA,NA,NA
1468,1466,8/20/2015,MEF,A29,1833,3317,R,HY,?,8/20/2015,NO,,8/20/2015,54,130,99,107,63,8/28/2015,57,129,107,99,63,,,,,,,,NA,,,,,,,,,,,,NA,NA,NA,NA,NA,,NA,NA,NA,NA,NA,,NA,NA,NA,NA,NA,,NA,NA,NA,NA,NA,,NA,NA,NA,NA,NA,,NA,NA,NA,NA,NA,,,,NA,,,NA,NA,,NA,NA,NA,NA,NA
1469,1467,8/24/2015,MEF,A2,1833,3318,L,HY,?,8/24/2015,NO,,8/24/2015,52.5,128,104,96,66,,,NA,,,,,,,,,,,NA,,,,,,,,,,,,NA,NA,NA,NA,NA,,NA,NA,NA,NA,NA,,NA,NA,NA,NA,NA,,NA,NA,NA,NA,NA,,NA,NA,NA,NA,NA,,NA,NA,NA,NA,NA,,,,NA,,,NA,NA,,NA,NA,NA,NA,NA
1470,1468,8/25/2015,MEF,A11,1833,3319,L,HY,?,8/25/2015,NO,`,8/25/2015,57.5,130,93,102,59,8/28/2015,57,129,93,102,62,,,,,,,,NA,,,,,,,,,,,,NA,NA,NA,NA,NA,,NA,NA,NA,NA,NA,,NA,NA,NA,NA,NA,,NA,NA,NA,NA,NA,,NA,NA,NA,NA,NA,,NA,NA,NA,NA,NA,,,,NA,,,NA,NA,,NA,NA,NA,NA,NA
1471,1469,8/25/2015,MEF,A11,1833,3320,L,HY,?,8/25/2015,NO,M,8/25/2015,48.5,127,96,106,61,9/2/2015,55,130,96,105,61,,,,,,,,NA,,,,,,,,,,,,NA,NA,NA,NA,NA,,NA,NA,NA,NA,NA,,NA,NA,NA,NA,NA,,NA,NA,NA,NA,NA,,NA,NA,NA,NA,NA,,NA,NA,NA,NA,NA,,,,NA,,,NA,NA,,NA,NA,NA,NA,NA
1472,1470,8/28/2015,MEF,A11,1833,3321,L,HY,?,8/28/2015,NO,,8/28/2015,56.5,131,96,105,59,,,NA,,,,,,,,,,,NA,,,,,,,,,,,,NA,NA,NA,NA,NA,,NA,NA,NA,NA,NA,,NA,NA,NA,NA,NA,,NA,NA,NA,NA,NA,,NA,NA,NA,NA,NA,,NA,NA,NA,NA,NA,,,,NA,,,NA,NA,,NA,NA,NA,NA,NA
1473,1471,8/28/2015,MEF,A27/A15,1833,3322,L,HY,?,8/28/2015,NO,F,8/28/2015,56.5,128,94,103,61,9/5/2015,56.4,128,94,103,,5/31/2016,55.5,129,93,103,60,,NA,,,,,,,,,,,,NA,NA,NA,NA,NA,,NA,NA,NA,NA,NA,,NA,NA,NA,NA,NA,,NA,NA,NA,NA,NA,,NA,NA,NA,NA,NA,,NA,NA,NA,NA,NA,,,,NA,,,NA,NA,,NA,NA,NA,NA,NA
1474,1472,8/31/2015,MEF,A11,1833,3323,L,HY,?,8/31/2015,NO,F,8/31/2015,54.5,127,95,105,60,,,NA,,,,,,,,,,,NA,,,,,,,,,,,,NA,NA,NA,NA,NA,,NA,NA,NA,NA,NA,,NA,NA,NA,NA,NA,,NA,NA,NA,NA,NA,,NA,NA,NA,NA,NA,,NA,NA,NA,NA,NA,,,,NA,,,NA,NA,,NA,NA,NA,NA,NA
1475,1473,8/31/2015,MEF,A11,1833,3324,L,HY,?,8/31/2015,NO,F,8/31/2015,57,132,97,107,62,9/5/2015,62.8,NA,97,105,64,,,,,,,,NA,,,,,,,,,,,,NA,NA,NA,NA,NA,,NA,NA,NA,NA,NA,,NA,NA,NA,NA,NA,,NA,NA,NA,NA,NA,,NA,NA,NA,NA,NA,,NA,NA,NA,NA,NA,,,,NA,,,NA,NA,,NA,NA,NA,NA,NA
1476,1474,8/31/2015,MEF,A27,1833,3325,L,HY,?,8/31/2015,NO,,8/31/2015,52,123,95,103,53,,,NA,,,,,,,,,,,NA,,,,,,,,,,,,NA,NA,NA,NA,NA,,NA,NA,NA,NA,NA,,NA,NA,NA,NA,NA,,NA,NA,NA,NA,NA,,NA,NA,NA,NA,NA,,NA,NA,NA,NA,NA,,,,NA,,,NA,NA,,NA,NA,NA,NA,NA
1477,1475,9/11/2016,MEF,,1833,3325,,2,M,L,,,9/11/2016,60.7,128,95,105,60,,,NA,,,,,,,,,,,NA,,,,,,,,,,,,NA,NA,NA,NA,NA,,NA,NA,NA,NA,NA,,NA,NA,NA,NA,NA,,NA,NA,NA,NA,NA,,NA,NA,NA,NA,NA,,NA,NA,NA,NA,NA,,,,NA,,,NA,NA,,NA,NA,NA,NA,NA
1478,1476,8/31/2015,MEF,A27,1833,3326,R,HY,?,8/28/2015,NO,M,8/31/2015,55,126,95,107,60,,,NA,,,,,,,,,,,NA,,,,,,,,,,,,NA,NA,NA,NA,NA,,NA,NA,NA,NA,NA,,NA,NA,NA,NA,NA,,NA,NA,NA,NA,NA,,NA,NA,NA,NA,NA,,NA,NA,NA,NA,NA,,,,NA,,,NA,NA,,NA,NA,NA,NA,NA
1479,1477,8/31/2015,MEF,A27,1833,3327,L,HY,?,8/28/2015,NO,M,8/31/2015,53,130,96,104,59,9/2/2015,54,129,96,104,58,,,,,,,,NA,,,,,,,,,,,,NA,NA,NA,NA,NA,,NA,NA,NA,NA,NA,,NA,NA,NA,NA,NA,,NA,NA,NA,NA,NA,,NA,NA,NA,NA,NA,,NA,NA,NA,NA,NA,,,,NA,,,NA,NA,,NA,NA,NA,NA,NA
1480,1478,9/1/2015,MEF,A29,1833,3328,L,HY,?,9/1/2015,NO,M,9/1/2015,53.5,129,96,104,62,,,NA,,,,,,,,,,,NA,,,,,,,,,,,,NA,NA,NA,NA,NA,,NA,NA,NA,NA,NA,,NA,NA,NA,NA,NA,,NA,NA,NA,NA,NA,,NA,NA,NA,NA,NA,,NA,NA,NA,NA,NA,,,,NA,,,NA,NA,,NA,NA,NA,NA,NA
1481,1479,9/1/2015,MEF,A29/BG10!,1833,3329,R,HY,?,9/1/2015,NO,F,9/1/2015,54.5,126,99,107,64,5/9/2016,53,128,99,107,60,,,,,,,,NA,,,,,,,,,,,,NA,NA,NA,NA,NA,,NA,NA,NA,NA,NA,,NA,NA,NA,NA,NA,,NA,NA,NA,NA,NA,,NA,NA,NA,NA,NA,,NA,NA,NA,NA,NA,,,,NA,,,NA,NA,,NA,NA,NA,NA,NA
1482,1480,9/1/2015,MEF,A29,1833,3330,R,HY,?,9/1/2015,NO,,9/1/2015,54,124,93,101,61,,,NA,,,,,,,,,,,NA,,,,,,,,,,,,NA,NA,NA,NA,NA,,NA,NA,NA,NA,NA,,NA,NA,NA,NA,NA,,NA,NA,NA,NA,NA,,NA,NA,NA,NA,NA,,NA,NA,NA,NA,NA,,,,NA,,,NA,NA,,NA,NA,NA,NA,NA
1483,1481,9/1/2015,MEF,A29,1833,3331,L,HY,?,9/1/2015,NO,F,9/1/2015,59.5,132,98,108,62,,,NA,,,,,,,,,,,NA,,,,,,,,,,,,NA,NA,NA,NA,NA,,NA,NA,NA,NA,NA,,NA,NA,NA,NA,NA,,NA,NA,NA,NA,NA,,NA,NA,NA,NA,NA,,NA,NA,NA,NA,NA,,,,NA,,,NA,NA,,NA,NA,NA,NA,NA
1484,1482,9/3/2015,MEF,A11,1833,3332,R,HY,?,9/3/2015,NO,,9/3/2015,59,133,99,106,63,,,NA,,,,,,,,,,,NA,,,,,,,,,,,,NA,NA,NA,NA,NA,,NA,NA,NA,NA,NA,,NA,NA,NA,NA,NA,,NA,NA,NA,NA,NA,,NA,NA,NA,NA,NA,,NA,NA,NA,NA,NA,,,,NA,,,NA,NA,,NA,NA,NA,NA,NA
1485,1483,9/3/2015,MEF,A11,1833,3333,R,HY,?,9/3/2015,NO,M,9/3/2015,57,128,97,105,62,,,NA,,,,,,,,,,,NA,,,,,,,,,,,,NA,NA,NA,NA,NA,,NA,NA,NA,NA,NA,,NA,NA,NA,NA,NA,,NA,NA,NA,NA,NA,,NA,NA,NA,NA,NA,,NA,NA,NA,NA,NA,,,,NA,,,NA,NA,,NA,NA,NA,NA,NA
1486,1484,9/3/2015,MEF,A11,1833,3334,L,HY,?,9/3/2015,NO,M,9/3/2015,56.5,131,98,106,62,,,NA,,,,,,,,,,,NA,,,,,,,,,,,,NA,NA,NA,NA,NA,,NA,NA,NA,NA,NA,,NA,NA,NA,NA,NA,,NA,NA,NA,NA,NA,,NA,NA,NA,NA,NA,,NA,NA,NA,NA,NA,,,,NA,,,NA,NA,,NA,NA,NA,NA,NA
1487,1485,9/3/2015,MEF,A11,1833,3335,L,HY,?,9/3/2015,NO,M,9/3/2015,52,131,95,105,62,,,NA,,,,,,,,,,,NA,,,,,,,,,,,,NA,NA,NA,NA,NA,,NA,NA,NA,NA,NA,,NA,NA,NA,NA,NA,,NA,NA,NA,NA,NA,,NA,NA,NA,NA,NA,,NA,NA,NA,NA,NA,,,,NA,,,NA,NA,,NA,NA,NA,NA,NA
1488,1486,9/4/2015,MEF,A29,1833,3336,R,HY,?,9/4/2015,NO,,9/4/2015,54,126,96,105,63,,,NA,,,,,,,,,,,NA,,,,,,,,,,,,NA,NA,NA,NA,NA,,NA,NA,NA,NA,NA,,NA,NA,NA,NA,NA,,NA,NA,NA,NA,NA,,NA,NA,NA,NA,NA,,NA,NA,NA,NA,NA,,,,NA,,,NA,NA,,NA,NA,NA,NA,NA
1489,1487,9/20/2016,MEF,,1833,3336,,2,U,L,,,9/20/2016,62.7,126,97,105,62,,,NA,,,,,,,,,,,NA,,,,,,,,,,,,NA,NA,NA,NA,NA,,NA,NA,NA,NA,NA,,NA,NA,NA,NA,NA,,NA,NA,NA,NA,NA,,NA,NA,NA,NA,NA,,NA,NA,NA,NA,NA,,,,NA,,,NA,NA,,NA,NA,NA,NA,NA
1490,1488,9/5/2015,MEF,A11,1833,3337,L,HY,?,9/5/2015,NO,M,9/5/2015,54.4,125,93,103,56,,,NA,,,,,,,,,,,NA,,,,,,,,,,,,NA,NA,NA,NA,NA,,NA,NA,NA,NA,NA,,NA,NA,NA,NA,NA,,NA,NA,NA,NA,NA,,NA,NA,NA,NA,NA,,NA,NA,NA,NA,NA,,,,NA,,,NA,NA,,NA,NA,NA,NA,NA
1491,1489,9/7/2015,MEF,A2,1833,3338,R,HY,?,9/7/2015,NO,F,9/7/2015,54.2,130,98,107,63,,,NA,,,,,,,,,,,NA,,,,,,,,,,,,NA,NA,NA,NA,NA,,NA,NA,NA,NA,NA,,NA,NA,NA,NA,NA,,NA,NA,NA,NA,NA,,NA,NA,NA,NA,NA,,NA,NA,NA,NA,NA,,,,NA,,,NA,NA,,NA,NA,NA,NA,NA
1492,1490,9/9/2015,MEF,A29,1833,3339,L,HY,?,9/9/2015,NO,,9/9/2015,55.7,125,100,106,64,,,NA,,,,,,,,,,,NA,,,,,,,,,,,,NA,NA,NA,NA,NA,,NA,NA,NA,NA,NA,,NA,NA,NA,NA,NA,,NA,NA,NA,NA,NA,,NA,NA,NA,NA,NA,,NA,NA,NA,NA,NA,,,,NA,,,NA,NA,,NA,NA,NA,NA,NA
1493,1491,9/9/2015,MEF,A29,1833,3340,R,HY,?,9/9/2015,NO,F,9/9/2015,62.5,131,97,105,63,,,NA,,,,,,,,,,,NA,,,,,,,,,,,,NA,NA,NA,NA,NA,,NA,NA,NA,NA,NA,,NA,NA,NA,NA,NA,,NA,NA,NA,NA,NA,,NA,NA,NA,NA,NA,,NA,NA,NA,NA,NA,,,,NA,,,NA,NA,,NA,NA,NA,NA,NA
1494,1492,9/10/2015,MEF,A2,1833,3341,R,HY,?,9/10/2015,NO,F,9/10/2015,57.4,135,102,111,69,,,NA,,,,,,,,,,,NA,,,,,,,,,,,,NA,NA,NA,NA,NA,,NA,NA,NA,NA,NA,,NA,NA,NA,NA,NA,,NA,NA,NA,NA,NA,,NA,NA,NA,NA,NA,,NA,NA,NA,NA,NA,,,,NA,,,NA,NA,,NA,NA,NA,NA,NA
1495,1493,9/11/2015,MEF,A27,1833,3342,R,Ad,M,9/11/2015,NO,F(!!),9/11/2015,64.6,121,97,106,64,,,NA,,,,,,,,,,,NA,,,,,,,,,,,,NA,NA,NA,NA,NA,,NA,NA,NA,NA,NA,,NA,NA,NA,NA,NA,,NA,NA,NA,NA,NA,,NA,NA,NA,NA,NA,,NA,NA,NA,NA,NA,,,,NA,,,NA,NA,,NA,NA,NA,NA,NA
1496,1494,9/11/2015,MEF,A27,1833,3343,L,HY,?,9/11/2015,NO,M,9/11/2015,59,127,96,105,65,,,NA,,,,,,,,,,,NA,,,,,,,,,,,,NA,NA,NA,NA,NA,,NA,NA,NA,NA,NA,,NA,NA,NA,NA,NA,,NA,NA,NA,NA,NA,,NA,NA,NA,NA,NA,,NA,NA,NA,NA,NA,,,,NA,,,NA,NA,,NA,NA,NA,NA,NA
1497,1495,9/16/2015,MEF,A2,1833,3344,L,HY,?,9/16/2015,NO,F,9/16/2015,54.2,133,99,107,59,,,NA,,,,,,,,,,,NA,,,,,,,,,,,,NA,NA,NA,NA,NA,,NA,NA,NA,NA,NA,,NA,NA,NA,NA,NA,,NA,NA,NA,NA,NA,,NA,NA,NA,NA,NA,,NA,NA,NA,NA,NA,,,,NA,,,NA,NA,,NA,NA,NA,NA,NA
1498,1496,9/17/2015,MEF,A29,1833,3345,R,HY,?,9/17/2015,NO,,9/17/2015,54.2,131,100,108,59,,,NA,,,,,,,,,,,NA,,,,,,,,,,,,NA,NA,NA,NA,NA,,NA,NA,NA,NA,NA,,NA,NA,NA,NA,NA,,NA,NA,NA,NA,NA,,NA,NA,NA,NA,NA,,NA,NA,NA,NA,NA,,,,NA,,,NA,NA,,NA,NA,NA,NA,NA
1499,1497,9/17/2015,MEF,A29,1833,3346,L,HY,?,9/17/2015,NO,F,9/17/2015,50.7,118,87,97,57,,,NA,,,,,,,,,,,NA,,,,,,,,,,,,NA,NA,NA,NA,NA,,NA,NA,NA,NA,NA,,NA,NA,NA,NA,NA,,NA,NA,NA,NA,NA,,NA,NA,NA,NA,NA,,NA,NA,NA,NA,NA,,,,NA,,,NA,NA,,NA,NA,NA,NA,NA
1500,1498,9/17/2015,MEF,A29,1833,3347,L,HY,?,9/17/2015,NO,F,9/17/2015,51.7,128,97,106,61,,,NA,,,,,,,,,,,NA,,,,,,,,,,,,NA,NA,NA,NA,NA,,NA,NA,NA,NA,NA,,NA,NA,NA,NA,NA,,NA,NA,NA,NA,NA,,NA,NA,NA,NA,NA,,NA,NA,NA,NA,NA,,,,NA,,,NA,NA,,NA,NA,NA,NA,NA
1501,1499,9/17/2015,MEF,A29,1833,3348,R,HY,?,9/17/2015,NO,M,9/17/2015,55.1,131,97,107,63,,,NA,,,,,,,,,,,NA,,,,,,,,,,,,NA,NA,NA,NA,NA,,NA,NA,NA,NA,NA,,NA,NA,NA,NA,NA,,NA,NA,NA,NA,NA,,NA,NA,NA,NA,NA,,NA,NA,NA,NA,NA,,,,NA,,,NA,NA,,NA,NA,NA,NA,NA
1502,1500,9/17/2015,MEF,A29,1833,3349,L,HY,?,9/17/2015,NO,,9/17/2015,57.2,133,97,105,60,,,NA,,,,,,,,,,,NA,,,,,,,,,,,,NA,NA,NA,NA,NA,,NA,NA,NA,NA,NA,,NA,NA,NA,NA,NA,,NA,NA,NA,NA,NA,,NA,NA,NA,NA,NA,,NA,NA,NA,NA,NA,,,,NA,,,NA,NA,,NA,NA,NA,NA,NA
1503,1501,9/17/2015,MEF,A29,1833,3350,L,HY,?,9/17/2015,NO,M,9/17/2015,52.7,126,97,105,61,,,NA,,,,,,,,,,,NA,,,,,,,,,,,,NA,NA,NA,NA,NA,,NA,NA,NA,NA,NA,,NA,NA,NA,NA,NA,,NA,NA,NA,NA,NA,,NA,NA,NA,NA,NA,,NA,NA,NA,NA,NA,,,,NA,,,NA,NA,,NA,NA,NA,NA,NA
1504,1502,9/17/2015,MEF,A29,1833,3351,L,HY,?,9/17/2015,NO,M,9/17/2015,57.1,129,63,102,111,,,NA,,,,,,,,,,,NA,,,,,,,,,,,,NA,NA,NA,NA,NA,,NA,NA,NA,NA,NA,,NA,NA,NA,NA,NA,,NA,NA,NA,NA,NA,,NA,NA,NA,NA,NA,,NA,NA,NA,NA,NA,,,,NA,,,NA,NA,,NA,NA,NA,NA,NA
1505,1503,9/17/2015,MEF,A29,1833,3352,R,HY,?,9/17/2015,NO,F,9/17/2015,56,131,100,110,67,,,NA,,,,,,,,,,,NA,,,,,,,,,,,,NA,NA,NA,NA,NA,,NA,NA,NA,NA,NA,,NA,NA,NA,NA,NA,,NA,NA,NA,NA,NA,,NA,NA,NA,NA,NA,,NA,NA,NA,NA,NA,,,,NA,,,NA,NA,,NA,NA,NA,NA,NA
1506,1504,9/17/2015,MEF,A29,1833,3353,L,HY,?,9/17/2015,NO,F,9/17/2015,61.6,126,95,103,63,,,NA,,,,,,,,,,,NA,,,,,,,,,,,,NA,NA,NA,NA,NA,,NA,NA,NA,NA,NA,,NA,NA,NA,NA,NA,,NA,NA,NA,NA,NA,,NA,NA,NA,NA,NA,,NA,NA,NA,NA,NA,,,,NA,,,NA,NA,,NA,NA,NA,NA,NA
1507,1505,9/21/2015,MEF,A27,1833,3354,R,Ad,?,9/21/2015,NO,M,9/21/2015,58.4,129,95,104,63,,,NA,,,,,,,,,,,NA,,,,,,,,,,,,NA,NA,NA,NA,NA,,NA,NA,NA,NA,NA,,NA,NA,NA,NA,NA,,NA,NA,NA,NA,NA,,NA,NA,NA,NA,NA,,NA,NA,NA,NA,NA,,,,NA,,,NA,NA,,NA,NA,NA,NA,NA
1508,1506,9/21/2015,MEF,A11,1833,3355,?,HY,?,9/21/2015,NO,M,9/21/2015,57.4,138,104,112,65,,,NA,,,,,,,,,,,NA,,,,,,,,,,,,NA,NA,NA,NA,NA,,NA,NA,NA,NA,NA,,NA,NA,NA,NA,NA,,NA,NA,NA,NA,NA,,NA,NA,NA,NA,NA,,NA,NA,NA,NA,NA,,,,NA,,,NA,NA,,NA,NA,NA,NA,NA
1509,1507,9/21/2015,MEF,A11,1833,3356,L,HY,?,9/21/2015,NO,F,9/21/2015,61.6,130,102,110,65,,,NA,,,,,,,,,,,NA,,,,,,,,,,,,NA,NA,NA,NA,NA,,NA,NA,NA,NA,NA,,NA,NA,NA,NA,NA,,NA,NA,NA,NA,NA,,NA,NA,NA,NA,NA,,NA,NA,NA,NA,NA,,,,NA,,,NA,NA,,NA,NA,NA,NA,NA
1510,1508,9/21/2015,MEF,A27,1833,3357,L,HY,?,9/21/2015,NO,F,9/21/2015,59.6,129,94,103,63,,,NA,,,,,,,,,,,NA,,,,,,,,,,,,NA,NA,NA,NA,NA,,NA,NA,NA,NA,NA,,NA,NA,NA,NA,NA,,NA,NA,NA,NA,NA,,NA,NA,NA,NA,NA,,NA,NA,NA,NA,NA,,,,NA,,,NA,NA,,NA,NA,NA,NA,NA
1511,1509,9/23/2015,MEF,A29,1833,3358,L,HY,?,9/23/2015,NO,M,9/23/2015,57.6,125,95,104,61,,,NA,,,,,,,,,,,NA,,,,,,,,,,,,NA,NA,NA,NA,NA,,NA,NA,NA,NA,NA,,NA,NA,NA,NA,NA,,NA,NA,NA,NA,NA,,NA,NA,NA,NA,NA,,NA,NA,NA,NA,NA,,,,NA,,,NA,NA,,NA,NA,NA,NA,NA
1512,1510,9/23/2015,MEF,A29,1833,3359,R,HY,?,9/23/2015,NO,M,9/23/2015,54.3,122,93,101,62,,,NA,,,,,,,,,,,NA,,,,,,,,,,,,NA,NA,NA,NA,NA,,NA,NA,NA,NA,NA,,NA,NA,NA,NA,NA,,NA,NA,NA,NA,NA,,NA,NA,NA,NA,NA,,NA,NA,NA,NA,NA,,,,NA,,,NA,NA,,NA,NA,NA,NA,NA
1513,1511,9/23/2015,MEF,A29,1833,3360,L,HY,?,9/23/2015,NO,M,9/23/2015,62.9,133,97,106,61,,,NA,,,,,,,,,,,NA,,,,,,,,,,,,NA,NA,NA,NA,NA,,NA,NA,NA,NA,NA,,NA,NA,NA,NA,NA,,NA,NA,NA,NA,NA,,NA,NA,NA,NA,NA,,NA,NA,NA,NA,NA,,,,NA,,,NA,NA,,NA,NA,NA,NA,NA
1514,1512,9/23/2015,MEF,A29,1833,3361,L,Ad,?,9/23/2015,NO,M,9/23/2015,57.5,126,96,105,65,,,NA,,,,,,,,,,,NA,,,,,,,,,,,,NA,NA,NA,NA,NA,,NA,NA,NA,NA,NA,,NA,NA,NA,NA,NA,,NA,NA,NA,NA,NA,,NA,NA,NA,NA,NA,,NA,NA,NA,NA,NA,,,,NA,,,NA,NA,,NA,NA,NA,NA,NA
1515,1513,9/23/2015,MEF,A29,1833,3362,L,Ad,?,9/23/2015,NO,F,9/23/2015,64,130,97,107,66,,,NA,,,,,,,,,,,NA,,,,,,,,,,,,NA,NA,NA,NA,NA,,NA,NA,NA,NA,NA,,NA,NA,NA,NA,NA,,NA,NA,NA,NA,NA,,NA,NA,NA,NA,NA,,NA,NA,NA,NA,NA,,,,NA,,,NA,NA,,NA,NA,NA,NA,NA
1516,1514,9/24/2015,MEF,A11,1833,3363,L,HY,?,9/24/2015,NO,,9/24/2015,56.6,127,94,103,56,,,NA,,,,,,,,,,,NA,,,,,,,,,,,,NA,NA,NA,NA,NA,,NA,NA,NA,NA,NA,,NA,NA,NA,NA,NA,,NA,NA,NA,NA,NA,,NA,NA,NA,NA,NA,,NA,NA,NA,NA,NA,,,,NA,,,NA,NA,,NA,NA,NA,NA,NA
1517,NA,6/2/2016,MEF,CN5,1833,3368,L,AD,M,6/2/2016,NO,,6/2/2016,53.5,136,100,110,61,,,NA,,,,,,,,,,,NA,,,,,,,,,,,,NA,NA,NA,NA,NA,,NA,NA,NA,NA,NA,,NA,NA,NA,NA,NA,,NA,NA,NA,NA,NA,,NA,NA,NA,NA,NA,,NA,NA,NA,NA,NA,,,,NA,,,NA,NA,,NA,NA,NA,NA,NA
1518,1515,8/22/2016,MEF,,1833,3377,,Y,U,L,,,8/22/2016,51.5,129,98,107,63,,,NA,9/10/2016,54.5,,,,,,,,,NA,,,,,,,,,,,,NA,NA,NA,NA,NA,,NA,NA,NA,NA,NA,,NA,NA,NA,NA,NA,,NA,NA,NA,NA,NA,,NA,NA,NA,NA,NA,,NA,NA,NA,NA,NA,,,,NA,,,NA,NA,,NA,NA,NA,NA,NA
1529,1525,9/6/2016,MEF,,1833,3401,,Y,U,R,,M,9/6/2016,53.3,122,91,100,58,,,NA,,,,,,,,,,,NA,,,,,,,,,,,,NA,NA,NA,NA,NA,,NA,NA,NA,NA,NA,,NA,NA,NA,NA,NA,,NA,NA,NA,NA,NA,,NA,NA,NA,NA,NA,,NA,NA,NA,NA,NA,,,,NA,,,NA,NA,,NA,NA,NA,NA,NA
1530,1526,9/6/2016,MEF,,1833,3402,,Y,U,L,,,9/6/2016,52.6,126,96,104,63,,,NA,,,,,,,,,,,NA,,,,,,,,,,,,NA,NA,NA,NA,NA,,NA,NA,NA,NA,NA,,NA,NA,NA,NA,NA,,NA,NA,NA,NA,NA,,NA,NA,NA,NA,NA,,NA,NA,NA,NA,NA,,,,NA,,,NA,NA,,NA,NA,NA,NA,NA
1531,1527,9/10/2016,MEF,,1833,3405,,Y,U,R,,,9/10/2016,52.9,134,99,109,62,,,NA,,,,,,,,,,,NA,,,,,,,,,,,,NA,NA,NA,NA,NA,,NA,NA,NA,NA,NA,,NA,NA,NA,NA,NA,,NA,NA,NA,NA,NA,,NA,NA,NA,NA,NA,,NA,NA,NA,NA,NA,,,,NA,,,NA,NA,,NA,NA,NA,NA,NA
1532,1528,9/10/2016,MEF,,1833,3406,,Y,U,L,,,9/10/2016,55.2,127,96,105,62,,,NA,,,,,,,,,,,NA,,,,,,,,,,,,NA,NA,NA,NA,NA,,NA,NA,NA,NA,NA,,NA,NA,NA,NA,NA,,NA,NA,NA,NA,NA,,NA,NA,NA,NA,NA,,NA,NA,NA,NA,NA,,,,NA,,,NA,NA,,NA,NA,NA,NA,NA
1533,1529,9/11/2016,MEF,,1833,3407,,Y,U,L,,F,9/11/2016,55.2,129,98,106,64,,,NA,,,,,,,,,,,NA,,,,,,,,,,,,NA,NA,NA,NA,NA,,NA,NA,NA,NA,NA,,NA,NA,NA,NA,NA,,NA,NA,NA,NA,NA,,NA,NA,NA,NA,NA,,NA,NA,NA,NA,NA,,,,NA,,,NA,NA,,NA,NA,NA,NA,NA
1534,1530,9/11/2016,MEF,,1833,3408,,Y,U,Y,,,9/11/2016,51.2,125,93,101,60,,,NA,,,,,,,,,,,NA,,,,,,,,,,,,NA,NA,NA,NA,NA,,NA,NA,NA,NA,NA,,NA,NA,NA,NA,NA,,NA,NA,NA,NA,NA,,NA,NA,NA,NA,NA,,NA,NA,NA,NA,NA,,,,NA,,,NA,NA,,NA,NA,NA,NA,NA
1535,1531,9/11/2016,MEF,,1833,3409,,Y,U,L,,,9/11/2016,51.5,132,97,106,61,,,NA,,,,,,,,,,,NA,,,,,,,,,,,,NA,NA,NA,NA,NA,,NA,NA,NA,NA,NA,,NA,NA,NA,NA,NA,,NA,NA,NA,NA,NA,,NA,NA,NA,NA,NA,,NA,NA,NA,NA,NA,,,,NA,,,NA,NA,,NA,NA,NA,NA,NA
1536,1532,9/11/2016,MEF,,1833,3410,,Y,U,L,,,9/11/2016,54.8,128,97,105,59,,,NA,,,,,,,,,,,NA,,,,,,,,,,,,NA,NA,NA,NA,NA,,NA,NA,NA,NA,NA,,NA,NA,NA,NA,NA,,NA,NA,NA,NA,NA,,NA,NA,NA,NA,NA,,NA,NA,NA,NA,NA,,,,NA,,,NA,NA,,NA,NA,NA,NA,NA
1537,1533,9/13/2016,MEF,,1833,3411,,Y,U,R,,,9/13/2016,58.4,129,98,106,64,,,NA,,,,,,,,,,,NA,,,,,,,,,,,,NA,NA,NA,NA,NA,,NA,NA,NA,NA,NA,,NA,NA,NA,NA,NA,,NA,NA,NA,NA,NA,,NA,NA,NA,NA,NA,,NA,NA,NA,NA,NA,,,,NA,,,NA,NA,,NA,NA,NA,NA,NA
1538,1534,9/13/2016,MEF,,1833,3412,,Y,U,L,,,9/13/2016,59.7,123,93,101,62,,,NA,,,,,,,,,,,NA,,,,,,,,,,,,NA,NA,NA,NA,NA,,NA,NA,NA,NA,NA,,NA,NA,NA,NA,NA,,NA,NA,NA,NA,NA,,NA,NA,NA,NA,NA,,NA,NA,NA,NA,NA,,,,NA,,,NA,NA,,NA,NA,NA,NA,NA
1539,1535,9/19/2016,MEF,,1833,3413,,Y,U,L,,,9/19/2016,58.1,132,96,103,61,,,NA,,,,,,,,,,,NA,,,,,,,,,,,,NA,NA,NA,NA,NA,,NA,NA,NA,NA,NA,,NA,NA,NA,NA,NA,,NA,NA,NA,NA,NA,,NA,NA,NA,NA,NA,,NA,NA,NA,NA,NA,,,,NA,,,NA,NA,,NA,NA,NA,NA,NA
1540,1536,9/21/2016,MEF,,1833,3414,,Y,U,L,,,9/21/2016,56.6,129,98,107,60,,,NA,,,,,,,,,,,NA,,,,,,,,,,,,NA,NA,NA,NA,NA,,NA,NA,NA,NA,NA,,NA,NA,NA,NA,NA,,NA,NA,NA,NA,NA,,NA,NA,NA,NA,NA,,NA,NA,NA,NA,NA,,,,NA,,,NA,NA,,NA,NA,NA,NA,NA
1541,1537,9/22/2016,MEF,,1833,3415,,Y,U,L,,,9/22/2016,56.7,123,95,102,60,,,NA,,,,,,,,,,,NA,,,,,,,,,,,,NA,NA,NA,NA,NA,,NA,NA,NA,NA,NA,,NA,NA,NA,NA,NA,,NA,NA,NA,NA,NA,,NA,NA,NA,NA,NA,,NA,NA,NA,NA,NA,,,,NA,,,NA,NA,,NA,NA,NA,NA,NA
1542,1538,9/27/2016,MEF,,1833,3416,,A,U,R,,,9/27/2016,67,132,96,105,62,,,NA,,,,,,,,,,,NA,,,,,,,,,,,,NA,NA,NA,NA,NA,,NA,NA,NA,NA,NA,,NA,NA,NA,NA,NA,,NA,NA,NA,NA,NA,,NA,NA,NA,NA,NA,,NA,NA,NA,NA,NA,,,,NA,,,NA,NA,,NA,NA,NA,NA,NA
1543,1539,9/29/2016,MEF,B12,1833,3417,,A,M,R,,,9/29/2016,75,129,100,109,60,6/19/2017,55,NA,,,,6/29/2017,58.5,,,,,7/4/2017,51,,,,,7/16/2017,54.5,,,,,,NA,NA,NA,NA,NA,,NA,NA,NA,NA,NA,,NA,NA,NA,NA,NA,,NA,NA,NA,NA,NA,,NA,NA,NA,NA,NA,,NA,NA,NA,NA,NA,,,,NA,,,NA,NA,,NA,NA,NA,NA,NA
1587,1583,7/10/2017,TROUT CREEK,D10?,1833,3533,L,AD,F,7/10/2017,NO,,7/10/2017,61.5,131,,,,,,NA,,,,,,,,,,,NA,,,,,,,,,,,,NA,NA,NA,NA,NA,,NA,NA,NA,NA,NA,,NA,NA,NA,NA,NA,,NA,NA,NA,NA,NA,,NA,NA,NA,NA,NA,,NA,NA,NA,NA,NA,,,,NA,,,NA,NA,,NA,NA,NA,NA,NA
1623,1619,7/18/2017,MEF,B10,1833,3589,R,L,?,7/18/2017,NO,,7/18/2017,54.9,,,,,,,NA,,,,,,,,,,,NA,,,,,,,,,,,,NA,NA,NA,NA,NA,,NA,NA,NA,NA,NA,,NA,NA,NA,NA,NA,,NA,NA,NA,NA,NA,,NA,NA,NA,NA,NA,,NA,NA,NA,NA,NA,,,,NA,,,NA,NA,,NA,NA,NA,NA,NA
1624,1620,7/18/2017,MEF,B10,1833,3590,L,L,?,7/18/2017,NO,,7/18/2017,53,,,,,,,NA,,,,,,,,,,,NA,,,,,,,,,,,,NA,NA,NA,NA,NA,,NA,NA,NA,NA,NA,,NA,NA,NA,NA,NA,,NA,NA,NA,NA,NA,,NA,NA,NA,NA,NA,,NA,NA,NA,NA,NA,,,,NA,,,NA,NA,,NA,NA,NA,NA,NA
1625,1621,7/19/2017,TROUT CREEK,D9,1833,3591,L,L,?,7/19/2017,NO,,7/19/2017,59.9,,,,,,,NA,,,,,,,,,,,NA,,,,,,,,,,,,NA,NA,NA,NA,NA,,NA,NA,NA,NA,NA,,NA,NA,NA,NA,NA,,NA,NA,NA,NA,NA,,NA,NA,NA,NA,NA,,NA,NA,NA,NA,NA,,,,NA,,,NA,NA,,NA,NA,NA,NA,NA
1626,1622,7/19/2017,TROUT CREEK,D9,1833,3592,L,L,?,7/19/2017,NO,,7/19/2017,67.1,,,,,,,NA,,,,,,,,,,,NA,,,,,,,,,,,,NA,NA,NA,NA,NA,,NA,NA,NA,NA,NA,,NA,NA,NA,NA,NA,,NA,NA,NA,NA,NA,,NA,NA,NA,NA,NA,,NA,NA,NA,NA,NA,,,,NA,,,NA,NA,,NA,NA,NA,NA,NA
1627,1623,7/19/2017,TROUT CREEK,D9,1833,3593,L,L,?,7/19/2017,NO,,7/19/2017,54.1,,,,,,,NA,,,,,,,,,,,NA,,,,,,,,,,,,NA,NA,NA,NA,NA,,NA,NA,NA,NA,NA,,NA,NA,NA,NA,NA,,NA,NA,NA,NA,NA,,NA,NA,NA,NA,NA,,NA,NA,NA,NA,NA,,,,NA,,,NA,NA,,NA,NA,NA,NA,NA
1628,1624,7/19/2017,TROUT CREEK,D11,1833,3555,L,L,?,7/19/2017,NO,,7/19/2017,55.4,,,,,,,NA,,,,,,,,,,,NA,,,,,,,,,,,,NA,NA,NA,NA,NA,,NA,NA,NA,NA,NA,,NA,NA,NA,NA,NA,,NA,NA,NA,NA,NA,,NA,NA,NA,NA,NA,,NA,NA,NA,NA,NA,,,,NA,,,NA,NA,,NA,NA,NA,NA,NA
1632,1628,7/20/2017,MEF,A27,1833,3581,L,FL,?,7/20/2017,NO,,7/20/2017,59.5,,70,71,27,,,NA,,,,,,,,,,,NA,,,,,,,,,,,,NA,NA,NA,NA,NA,,NA,NA,NA,NA,NA,,NA,NA,NA,NA,NA,,NA,NA,NA,NA,NA,,NA,NA,NA,NA,NA,,NA,NA,NA,NA,NA,,,,NA,,,NA,NA,,NA,NA,NA,NA,NA
1634,1630,7/22/2017,MEF,A20,1833,3587,L,L,?,7/22/2017,NO,,7/22/2017,50.3,,,,,,,NA,,,,,,,,,,,NA,,,,,,,,,,,,NA,NA,NA,NA,NA,,NA,NA,NA,NA,NA,,NA,NA,NA,NA,NA,,NA,NA,NA,NA,NA,,NA,NA,NA,NA,NA,,NA,NA,NA,NA,NA,,,,NA,,,NA,NA,,NA,NA,NA,NA,NA
1635,1631,7/22/2017,MEF,A20,1833,3565,L,L,?,7/22/2017,NO,,7/22/2017,37,,,,,,,NA,,,,,,,,,,,NA,,,,,,,,,,,,NA,NA,NA,NA,NA,,NA,NA,NA,NA,NA,,NA,NA,NA,NA,NA,,NA,NA,NA,NA,NA,,NA,NA,NA,NA,NA,,NA,NA,NA,NA,NA,,,,NA,,,NA,NA,,NA,NA,NA,NA,NA
1638,1634,7/22/2017,MEF,A27,1833,3557,L,FL,?,7/22/2017,NO,,7/22/2017,61,,77,78,35,,,NA,,,,,,,,,,,NA,,,,,,,,,,,,NA,NA,NA,NA,NA,,NA,NA,NA,NA,NA,,NA,NA,NA,NA,NA,,NA,NA,NA,NA,NA,,NA,NA,NA,NA,NA,,NA,NA,NA,NA,NA,,,,NA,,,NA,NA,,NA,NA,NA,NA,NA
1640,1636,7/21/2017,TROUT CREEK,D14,1833,3571,L,L,?,7/21/2017,NO,,7/21/2017,51.7,,,,,,,NA,,,,,,,,,,,NA,,,,,,,,,,,,NA,NA,NA,NA,NA,,NA,NA,NA,NA,NA,,NA,NA,NA,NA,NA,,NA,NA,NA,NA,NA,,NA,NA,NA,NA,NA,,NA,NA,NA,NA,NA,,,,NA,,,NA,NA,,NA,NA,NA,NA,NA
1641,1637,7/21/2017,TROUT CREEK,D14,1833,3572,L,L,?,7/21/2017,NO,,7/21/2017,54.8,,,,,,,NA,,,,,,,,,,,NA,,,,,,,,,,,,NA,NA,NA,NA,NA,,NA,NA,NA,NA,NA,,NA,NA,NA,NA,NA,,NA,NA,NA,NA,NA,,NA,NA,NA,NA,NA,,NA,NA,NA,NA,NA,,,,NA,,,NA,NA,,NA,NA,NA,NA,NA
1642,1638,7/21/2017,TROUT CREEK,D14,1833,3573,L,L,?,7/21/2017,NO,,7/21/2017,46.1,,,,,,,NA,,,,,,,,,,,NA,,,,,,,,,,,,NA,NA,NA,NA,NA,,NA,NA,NA,NA,NA,,NA,NA,NA,NA,NA,,NA,NA,NA,NA,NA,,NA,NA,NA,NA,NA,,NA,NA,NA,NA,NA,,,,NA,,,NA,NA,,NA,NA,NA,NA,NA
1647,1643,7/21/2017,TROUT CREEK,D13,1833,3544,L,L,?,7/21/2017,NO,,7/21/2017,63.3,,,,,,,NA,,,,,,,,,,,NA,,,,,,,,,,,,NA,NA,NA,NA,NA,,NA,NA,NA,NA,NA,,NA,NA,NA,NA,NA,,NA,NA,NA,NA,NA,,NA,NA,NA,NA,NA,,NA,NA,NA,NA,NA,,,,NA,,,NA,NA,,NA,NA,NA,NA,NA
1648,1644,7/21/2017,TROUT CREEK,D13,1833,3545,R,L,?,7/21/2017,NO,,7/21/2017,59.3,,,,,,,NA,,,,,,,,,,,NA,,,,,,,,,,,,NA,NA,NA,NA,NA,,NA,NA,NA,NA,NA,,NA,NA,NA,NA,NA,,NA,NA,NA,NA,NA,,NA,NA,NA,NA,NA,,NA,NA,NA,NA,NA,,,,NA,,,NA,NA,,NA,NA,NA,NA,NA
1649,1645,7/21/2017,MEF,A13,1833,3539,,FL,?,7/21/2017,NO,,7/21/2017,47.5,,69,69,29,,,NA,,,,,,,,,,,NA,,,,,,,,,,,,NA,NA,NA,NA,NA,,NA,NA,NA,NA,NA,,NA,NA,NA,NA,NA,,NA,NA,NA,NA,NA,,NA,NA,NA,NA,NA,,NA,NA,NA,NA,NA,,,,NA,,,NA,NA,,NA,NA,NA,NA,NA
1663,1659,8/29/2017,MEF,A11 LURE NET,1833,3595,,AD,?,8/29/2017,NO,,8/29/2017,56.5,129,97,107,58,,,NA,,,,,,,,,,,NA,,,,,,,,,,,,NA,NA,NA,NA,NA,,NA,NA,NA,NA,NA,,NA,NA,NA,NA,NA,,NA,NA,NA,NA,NA,,NA,NA,NA,NA,NA,,NA,NA,NA,NA,NA,,,,NA,,,NA,NA,,NA,NA,NA,NA,NA
